ID,Score Question 1,Score Question 2,Score Question 3,Score Question 4,Score Question 5,Score Question 6,Score Question 7,Score Question 8,Score Question 9,Score Question 10,Score Question 11,Score Question 12,Score Question 13,Score Question 14,Score Question 15,Score Question 16,Score Question 17,Score Question 18,Score Question 19,Score Question 20,Score Question 21,Score Question 22,Score Question 23,Score Question 24,Score Question 25,Score Question 26,Score Question 27,Score Question 28,Score Question 29,Score Question 30,Score Question 31,Score Question 32,Score Question 33,Score Question 34,Score Question 35,Score Question 36,Score Question 37,Score Question 38,Score Question 39,Score Question 40,Score Question 41,Score Question 42,Score Question 43,Score Question 44,Score Question 45,Score Question 46,Score Question 47,Score Question 48,Score Question 49
Max question score:,1,1,1,1,1,1,1,1,1,1,1,1,1,1,1,1,1,1,1,1,1,1,1,1,1,1,1,1,1,1,3,2,2,3,5,5,2,2,3,3,5,5,2,3,3,2,2,5,3
Student 0001,1,1,0,1,1,0,1,0,0,0,0,0,0,0,1,0,1,0,1,0,0,1,1,1,0,1,0,1,1,1,1,2,1,0,2,2,2,1,0,1,3,5,0,0,3,1,1,0,0
Student 0002,0,1,0,1,1,1,1,0,0,0,0,1,1,1,1,0,1,0,1,1,0,1,1,1,0,0,0,0,1,0,2,2,0,0,5,5,2,0,1,2,1,3,0,2,1,0,2,3,0
Student 0003,1,1,1,1,1,1,1,0,0,1,1,1,1,1,1,1,0,1,1,1,1,1,1,1,0,0,0,0,1,0,3,2,2,1,5,5,2,2,1,0,0,3,0,0,3,2,0,0,0
Student 0004,0,1,1,1,1,1,1,0,0,1,0,1,0,1,1,1,1,0,0,0,1,1,1,1,0,1,0,0,1,0,3,2,0,1,5,3,2,0,0,1,0,2,0,1,3,2,1,4,0
Student 0005,1,1,1,1,1,1,1,1,1,1,1,1,1,1,1,1,1,1,0,0,0,1,1,1,0,1,0,0,1,0,3,2,1,3,5,1,1,2,0,1,4,5,1,0,2,2,2,5,0
Student 0006,0,1,1,1,0,1,1,0,0,1,1,1,1,1,1,0,1,0,1,1,1,1,1,1,1,0,0,1,1,1,0,1,2,0,5,3,1,2,0,0,0,1,0,0,0,0,2,0,0
Student 0007,0,0,1,1,1,1,1,0,0,1,1,1,1,0,0,0,1,0,1,0,1,1,1,1,0,0,0,0,1,1,2,2,0,0,5,4,2,2,0,1,0,3,1,0,2,2,0,0,0
Student 0008,0,1,1,1,0,1,1,0,0,1,0,1,1,1,0,0,1,1,0,1,0,1,1,1,0,1,0,1,1,0,0,2,0,0,5,0,1,1,0,1,2,5,1,1,3,2,1,1,0
Student 0009,1,1,0,1,1,1,0,1,0,1,1,1,0,1,1,0,0,0,1,0,1,1,1,1,1,1,1,1,0,1,0,2,2,0,3,3,0,2,0,2,0,1,0,0,0,1,1,2,0
Student 0010,0,0,1,1,0,1,1,0,0,1,1,1,1,1,1,1,1,1,0,0,1,0,0,1,1,1,0,0,1,0,0,0,2,1,4,2,2,2,1,2,0,5,0,1,3,2,1,4,0
Student 0011,1,0,1,1,1,1,1,0,0,1,1,0,1,1,1,1,1,0,0,1,1,1,1,1,0,0,1,0,0,0,2,2,0,0,5,2,2,1,1.8,3,5,3,2,0,3,1,2,1,0
Student 0012,1,0,1,1,0,1,1,0,0,1,0,1,1,1,1,0,1,0,0,0,1,1,1,1,0,1,0,0,1,0,2,2,2,3,5,3,0,2,2,2,2,2,0,0,1,1,1,2,0
Student 0013,1,1,0,1,1,1,1,0,1,1,1,1,1,1,1,1,1,1,0,1,0,0,1,1,0,1,0,0,0,1,3,2,0,0,5,0,2,2,0,1,0,1,0,0,1,1,0,0,0
Student 0014,0,1,1,1,1,1,1,0,1,0,1,1,1,0,1,0,1,1,0,0,1,0,1,1,1,0,0,1,0,1,3,2,0,1,4,0,1,0,1.2,3,3,4,0,1,3,2,2,4,0
Student 0015,1,0,0,1,1,1,1,1,0,1,0,0,1,0,1,0,0,0,0,0,1,1,1,1,0,0,0,1,0,1,3,2,2,0,3,0,0,0,1,2,0,4,0,0,0,0,2,0,0
Student 0016,0,0,0,1,1,0,1,0,0,1,0,1,1,1,1,0,0,0,0,0,1,1,0,1,0,1,1,0,0,0,0,2,0,1,4,3,0,2,0,0,0,4,1,0,0,1,1,3,0
Student 0017,0,1,1,0,1,0,0,0,0,0,0,1,0,0,1,0,0,0,0,1,1,0,1,1,0,1,0,1,1,1,2,2,0,0,3,0,1,0,1,0,0,1,0,1,0,0,2,0,0
Student 0018,1,1,1,1,1,1,1,0,0,1,1,1,1,0,1,1,1,0,1,1,0,0,1,1,1,1,0,0,1,1,1,2,2,0,4,5,2,0,2,0,1,2,2,0,2,1,1,2,0
Student 0019,1,1,1,0,1,1,1,0,0,1,1,1,1,1,1,1,0,0,1,1,1,1,0,1,0,1,0,0,1,1,3,2,2,0,5,5,0,0,0,1,0,3,0,0,2,1,2,0,0
Student 0020,0,0,1,1,1,1,0,0,0,1,1,0,1,1,0,0,0,0,0,1,1,1,1,1,0,0,0,0,0,0,1,2,0,1,2,0,2,1,1,1,0,3,0,0,0,1,0,0,0
Student 0021,1,0,0,1,1,0,1,0,0,1,1,1,1,1,1,1,0,0,0,0,0,1,1,1,0,0,0,1,0,0,3,2,0,0,5,0,0,2,1,2,0,5,0,1,3,1,2,1,0
Student 0022,0,0,1,0,1,1,1,1,0,1,1,1,1,1,1,1,0,0,0,1,1,1,1,1,0,1,0,0,0,1,3,2,0,0,5,0,1,0,1,2,2,4,1,1,3,2,1,0,0
Student 0023,1,1,0,1,1,1,1,0,0,1,1,1,1,1,1,0,0,1,0,1,1,1,1,1,0,1,0,1,1,1,3,2,0,2,5,4,2,2,1,3,1,4,2,3,3,2,0,0,3
Student 0024,1,1,0,1,1,1,1,1,0,1,1,1,1,1,0,1,1,0,0,0,1,1,1,1,1,0,0,0,0,0,1,2,0,0,5,2,1,1,1,1,1,3,0,1,3,2,0,0,0
Student 0025,0,0,1,1,1,1,1,0,0,1,1,1,1,1,1,0,1,0,0,0,1,1,1,1,1,1,0,0,1,0,0,2,0,0,5,0,0,2,2.1,1,0,4,1,0,1,2,1,1,0
Student 0026,1,0,1,1,1,1,1,1,0,1,1,1,1,1,1,0,1,0,1,0,1,1,1,1,1,1,0,1,0,0,3,2,2,3,5,0,1,0,0,1,5,3,1,0,2,1,2,0,0
Student 0027,1,1,1,1,1,1,1,0,0,1,1,1,1,1,1,1,1,1,0,1,1,1,1,1,0,1,0,1,1,0,3,2,1,3,5,2,1,0,3,3,2,5,1,0,3,2,0,0,0
Student 0028,0,1,1,1,1,1,1,0,0,1,1,1,1,1,1,0,0,0,0,1,1,1,1,1,0,0,0,1,1,0,2,2,2,1,4,4,2,2,2,1,2,5,0,2,2,1,2,2,0
Student 0029,1,1,1,1,1,1,1,0,0,1,1,1,1,1,1,0,1,0,1,1,1,1,1,1,0,1,0,0,1,1,3,2,2,3,5,4,2,1,2,2,3,5,2,1,3,2,2,2,0
Student 0030,1,1,0,1,1,1,1,1,1,1,1,1,1,1,1,1,1,1,1,1,1,1,1,1,1,1,0,1,1,0,1,2,2,3,5,2,2,2,1.2,1,2,5,2,0,3,2,2,4,0
Student 0031,1,1,0,1,1,1,1,0,0,1,1,1,0,1,0,1,0,0,0,0,1,1,1,1,1,1,0,1,0,0,0,2,2,0,1,5,2,2,2,2,0,5,1,0,1,2,2,0,0
Student 0032,1,1,1,1,1,1,0,0,0,0,0,1,1,1,1,0,1,0,0,1,1,1,1,1,0,0,0,0,1,1,1,2,1,3,4,1,0,2,1.2,0,2,4,2,2,3,2,0,2,3
Student 0033,1,0,0,1,0,0,1,0,0,1,1,1,1,1,0,1,1,1,1,1,1,1,1,1,0,0,0,1,1,0,2,2,0,0,5,2,1,2,0.3,3,2,5,2,3,3,2,2,4,0
Student 0034,1,1,1,1,1,1,0,0,0,1,0,1,1,0,1,1,1,0,0,1,1,1,1,1,1,1,0,0,1,0,3,2,0,3,5,3,2,1,1,0,5,5,2,3,3,2,1,5,0
Student 0035,0,0,1,0,1,1,1,0,0,1,1,1,1,0,1,0,1,0,1,1,0,0,1,1,1,0,0,1,0,0,0,2,2,1,5,4,1,2,1,3,1,4,2,0,1,2,2,4,0
Student 0036,1,1,0,1,0,0,1,1,0,1,0,0,0,1,1,0,1,0,0,0,0,1,1,1,0,1,0,0,0,1,3,2,0,0,5,0,2,2,1.2,2,2,2,2,0,3,2,0,0,0
Student 0037,1,1,1,1,0,1,1,0,0,1,1,1,1,1,1,0,1,0,0,1,1,1,1,1,0,1,0,0,0,1,3,2,2,3,4,4,2,2,1,3,0,5,1,2,3,2,1,1,0
Student 0038,1,1,1,1,1,1,1,0,0,1,1,1,1,1,1,0,0,0,0,1,1,1,1,1,0,0,1,0,1,1,3,2,0,3,5,2,2,2,0,3,2,5,1,2,1,2,2,2,0
Student 0039,1,1,1,1,1,1,1,0,0,1,1,1,1,1,1,1,0,1,1,1,1,1,1,1,0,1,0,0,1,1,3,2,2,3,5,3,2,2,2,3,1,4,2,1,3,2,2,5,3
Student 0040,0,0,0,1,1,1,1,0,0,1,1,1,1,1,1,0,0,0,0,1,1,1,1,1,1,1,0,0,1,0,0,2,1,3,4,5,2,2,2.1,3,4,5,1,1,3,2,2,3,3
Student 0041,1,0,1,0,1,1,0,0,0,1,1,1,1,1,1,1,0,0,0,1,1,1,1,1,0,0,0,0,1,1,2,2,0,1,5,1,1,2,2.1,1,3,4,2,0,3,1,2,0,0
Student 0042,1,1,1,1,1,1,0,0,0,1,0,1,1,1,0,0,1,0,0,1,1,1,1,1,0,1,0,0,0,1,3,2,2,0,3,5,2,0,0,1,2,2,1,0,0,2,0,0,0
Student 0043,0,0,1,0,0,0,1,0,1,1,0,0,1,1,1,0,1,0,0,1,1,1,1,1,0,1,1,1,1,0,0,2,0,0,4,0,2,2,0,1,2,2,0,0,2,1,2,0,0
Student 0044,1,1,1,1,1,1,1,0,0,1,1,1,1,1,1,0,0,0,0,1,1,1,1,1,0,1,0,0,1,0,1,2,0,3,3,5,2,0,0,0,2,1,2,0,1,1,1,2,0
Student 0045,1,1,0,1,1,1,1,0,1,1,0,1,0,1,1,0,0,0,0,1,1,0,1,1,0,1,0,0,1,0,3,2,0,0,4,4,1,0,0,1,2,3,2,0,2,1,2,1,0
Student 0046,1,0,1,1,1,1,1,0,1,1,1,0,1,1,1,0,0,0,0,1,1,1,1,1,0,1,0,0,1,1,3,2,2,3,5,4,1,2,3,3,5,5,2,3,3,2,2,5,0
Student 0047,1,1,1,1,1,1,1,0,0,0,1,1,1,1,1,0,1,0,0,1,1,1,1,1,1,1,1,1,1,0,3,2,0,0,5,0,1,2,0,1,5,3,2,0,3,2,0,2,0
Student 0048,1,1,1,0,1,1,1,0,0,1,1,1,0,1,0,0,0,0,1,0,1,1,1,1,0,1,0,0,1,1,3,2,2,3,5,5,1,2,3,3,5,5,1,3,3,2,2,5,0
Student 0049,1,1,1,1,1,1,1,0,0,1,0,1,1,1,1,1,0,0,1,1,1,0,1,1,0,0,1,1,1,1,3,2,2,2,5,2,2,1,2,1,2,3,0,0,3,2,1,1,0
Student 0050,1,1,1,1,1,1,1,0,0,1,1,1,1,1,1,1,0,1,0,1,1,0,1,1,0,0,0,1,1,1,3,2,0,0,3,3,2,0,1,1,1,2,1,1,2,0,2,4,0
Student 0051,1,1,1,1,1,1,1,0,0,1,0,1,0,1,1,1,1,1,1,0,1,1,1,1,0,1,0,0,1,0,3,2,0,3,5,2,2,2,0,0,3,3,0,0,0,2,2,5,0
Student 0052,1,1,1,1,1,1,1,0,0,1,1,1,1,1,1,1,0,0,1,0,1,1,1,1,1,1,1,0,1,0,3,2,0,0,5,5,2,2,1.2,3,1,4,0,0,3,1,2,1,0
Student 0053,0,1,1,1,1,1,1,0,0,1,1,1,1,1,1,1,0,0,0,0,1,1,1,1,1,1,0,0,0,1,2,2,2,0,5,5,1,2,2.1,3,0,3,1,1,2,1,2,5,3
Student 0054,0,1,1,1,1,1,1,1,1,1,1,0,1,1,1,1,1,0,0,1,1,1,1,1,1,1,1,0,1,0,2,2,2,1,4,5,2,2,1,2,0,5,2,1,3,2,2,0,3
Student 0055,0,1,1,1,1,1,1,0,0,1,1,1,1,1,1,1,0,0,1,1,1,1,1,1,1,1,0,0,0,0,2,2,0,1,4,4,2,2,0,2,2,5,0,3,3,1,2,1,0
Student 0056,1,0,0,1,0,0,0,1,0,1,0,1,0,1,0,1,1,0,0,0,1,1,1,1,0,0,0,1,1,0,0,2,0,0,2,4,2,0,1.2,1,1,0,0,0,1,1,2,0,0
Student 0057,1,0,1,1,1,1,1,1,0,0,0,1,1,1,1,0,1,0,0,1,1,1,1,1,1,1,1,0,0,1,2,2,0,1,4,0,2,0,1,2,5,4,2,1,1,2,2,1,0
Student 0058,1,1,1,0,1,1,1,0,1,1,1,1,1,1,0,1,1,1,0,0,1,1,1,1,1,1,0,0,1,1,1,2,0,0,5,0,1,2,2,0,2,0,0,0,3,1,0,3,0
Student 0059,1,0,0,1,1,1,1,0,0,1,0,1,1,1,1,0,1,0,1,1,0,1,1,1,1,1,0,1,1,1,2,2,0,3,5,3,1,0,0,2,2,4,0,0,2,1,2,1,0
Student 0060,1,1,1,1,1,1,1,0,1,1,1,1,1,1,1,1,0,0,0,1,1,0,1,1,0,1,0,1,1,0,1,2,2,0,5,3,1,2,1.2,1,0,3,1,0,3,1,1,4,0
Student 0061,1,0,1,1,1,1,1,0,0,1,1,1,0,1,0,0,1,1,1,1,1,1,1,1,1,1,0,0,1,1,3,2,0,0,5,2,1,2,2,1,4,5,1,2,3,0,2,2,0
Student 0062,1,1,1,1,1,1,1,0,1,1,1,1,0,1,1,1,1,0,1,1,1,0,1,1,0,0,0,1,0,0,3,2,0,3,5,4,2,2,0,2,2,4,2,0,2,2,1,1,0
Student 0063,1,1,1,1,1,1,1,0,0,1,1,1,1,1,1,1,0,0,0,1,1,1,1,1,0,1,1,0,1,1,2,2,0,1,5,0,2,2,0.9,3,2,5,2,0,2,1,2,2,0
Student 0064,1,0,1,1,1,1,0,1,0,1,0,1,1,1,1,1,1,1,0,1,1,1,1,1,1,0,1,0,1,1,3,2,2,0,5,3,0,0,1,2,0,5,0,2,1,0,1,0,1
Student 0065,1,1,1,1,1,0,0,1,0,1,0,1,1,1,1,0,0,0,0,0,1,1,1,1,0,1,0,0,1,0,3,2,0,0,5,0,1,0,1.2,2,5,2,0,2,3,1,2,4,0
Student 0066,0,1,1,1,1,1,1,0,0,1,0,1,0,1,1,1,1,0,0,1,0,1,1,1,0,1,0,1,0,1,0,2,0,0,5,3,0,0,3,0,2,3,0,0,0,1,2,0,0
Student 0067,1,0,1,1,1,1,0,1,0,1,1,1,1,1,1,1,1,0,1,1,1,1,1,1,0,1,0,0,1,0,1,2,2,3,4,4,2,2,1,2,5,3,2,1,3,2,2,4,1
Student 0068,1,1,1,1,1,0,1,0,0,1,0,1,1,1,1,0,0,0,1,1,1,1,1,1,1,1,0,0,1,0,3,2,0,3,5,2,2,2,1.2,3,1,5,2,2,2,2,2,5,1
Student 0069,1,0,1,1,1,1,0,0,0,1,0,1,0,1,1,0,1,0,0,0,1,1,1,1,0,0,1,1,1,0,3,2,0,0,5,0,1,2,0,0,0,3,0,0,3,2,2,0,0
Student 0070,1,1,0,0,0,1,1,0,0,1,1,1,0,0,1,0,0,0,1,0,0,1,1,1,0,0,0,1,1,0,3,2,2,0,5,2,2,2,3,3,2,5,2,0,3,2,2,4,0
Student 0071,0,1,1,1,0,0,1,0,0,0,1,1,1,1,1,0,1,0,1,0,1,1,1,1,0,1,1,0,0,0,0,2,0,1,4,2,1,2,0,1,0,3,2,1,3,2,2,2,0
Student 0072,1,0,1,1,1,1,1,0,1,1,1,1,0,1,1,1,0,0,0,1,1,1,1,1,0,1,0,1,1,1,1,2,0,0,3,0,1,2,1.2,3,2,2,1,2,3,2,2,0,0
Student 0073,1,0,1,1,1,1,1,1,0,1,1,1,1,1,1,0,0,1,0,1,1,1,1,1,0,0,0,0,1,0,3,2,0,1,4,2,2,2,1,1,2,4,1,1,3,2,0,0,0
Student 0074,1,0,1,1,1,1,1,0,0,1,0,1,0,1,1,0,1,0,0,0,1,1,1,1,1,0,0,1,1,1,0,2,2,3,5,2,1,0,0,1,3,4,1,0,0,1,0,0,3
Student 0075,0,1,1,1,0,1,1,0,1,1,1,0,0,1,1,1,1,0,1,1,1,1,1,1,0,0,0,1,1,1,2,2,0,0,5,0,0,2,1.2,1,0,2,1,2,1,0,2,2,0
Student 0076,1,0,0,1,1,1,1,0,1,1,1,1,1,1,1,0,0,1,1,0,1,1,1,1,1,1,0,0,0,1,3,2,2,0,5,5,0,2,1,2,4,5,1,2,3,0,2,3,2
Student 0077,0,0,1,1,0,1,1,1,0,1,1,1,1,1,1,1,1,0,0,0,1,1,1,1,1,1,0,0,0,0,0,2,2,3,5,0,1,2,0,1,0,4,0,0,1,2,2,1,0
Student 0078,0,1,1,0,1,1,1,0,0,1,1,1,1,1,1,1,0,0,0,0,1,1,1,1,0,1,0,1,0,0,1,2,0,0,5,5,2,2,0,3,2,3,1,0,2,2,2,3,3
Student 0079,1,1,1,1,1,1,1,0,0,1,1,1,1,1,0,0,0,0,0,1,1,1,1,1,1,1,0,1,1,0,3,2,2,1,5,2,1,0,3,3,4,5,2,3,3,2,2,4,0
Student 0080,0,0,1,1,1,1,1,0,0,1,1,1,1,1,1,0,1,0,0,1,1,1,1,1,0,0,1,1,1,0,0,2,0,0,5,0,0,0,2,2,2,3,2,0,3,1,2,3,0
Student 0081,0,1,1,1,0,1,1,0,0,1,1,1,1,1,0,1,1,0,0,1,1,1,1,1,0,1,0,1,0,0,2,0,2,1,5,2,2,2,3,3,4,5,1,3,3,2,2,4,0
Student 0082,1,0,1,1,0,1,1,0,0,1,1,1,0,1,0,1,0,0,0,0,1,1,1,1,0,1,1,1,1,0,3,2,0,3,5,5,1,2,1.2,2,0,2,1,0,3,0,2,0,0
Student 0083,1,0,1,0,1,1,0,0,0,1,1,1,1,1,1,1,1,0,0,1,1,1,1,1,0,1,1,0,1,0,3,2,2,3,5,4,0,1,0,1,4,1,2,1,0,2,2,1,3
Student 0084,1,1,0,1,1,1,1,0,0,1,1,1,1,1,1,0,1,1,1,1,0,1,1,1,0,1,0,1,1,0,3,2,0,0,5,1,2,0,2.4,3,4,5,2,3,2,2,0,3,3
Student 0085,1,1,1,1,1,1,1,1,0,1,1,1,1,1,1,1,1,0,0,1,1,1,1,1,1,1,0,0,1,0,3,2,2,0,5,5,1,2,0,2,5,3,2,0,3,1,2,2,0
Student 0086,0,1,1,1,1,0,1,0,1,1,1,1,1,0,1,0,0,1,0,0,0,0,1,1,0,0,0,0,0,0,3,0,0,1,5,3,1,0,1.2,0,0,1,0,1,3,1,0,0,0
Student 0087,1,0,1,1,0,0,0,1,0,1,1,0,0,1,0,1,1,0,0,1,1,1,1,1,0,0,0,0,1,0,0,0,0,0,5,1,1,2,0,1,0,0,0,0,0,2,0,0,0
Student 0088,1,1,1,1,1,1,1,0,0,1,1,1,1,1,0,0,1,0,1,0,1,1,1,1,0,1,1,1,1,0,0,2,2,3,3,2,1,2,0,1,0,4,0,1,0,2,2,2,0
Student 0089,1,1,1,1,1,1,1,0,0,1,1,1,1,1,1,0,1,0,1,0,1,1,0,1,0,1,0,1,0,0,3,2,2,3,5,3,2,1,0,1,0,4,0,1,2,1,0,0,1
Student 0090,0,1,1,1,0,1,1,0,0,1,1,1,1,1,0,1,0,0,1,1,1,1,1,1,1,0,0,0,1,1,2,2,0,0,5,1,1,0,1.2,2,1,5,2,1,3,2,2,2,0
Student 0091,1,1,1,1,1,1,1,0,0,1,1,1,1,1,1,0,1,0,0,1,1,1,1,1,1,1,1,1,1,1,1,2,2,3,5,0,0,0,3,0,5,3,2,2,3,2,1,4,3
Student 0092,1,1,0,1,0,1,0,0,0,0,0,1,0,1,1,1,1,0,1,0,1,1,1,1,0,1,1,1,1,0,2,2,2,1,5,2,1,0,3,3,3,5,1,3,3,2,2,5,0
Student 0093,1,0,1,1,1,1,1,0,0,0,1,1,1,1,1,0,1,0,0,1,1,1,1,1,0,0,0,0,1,0,3,2,0,1,5,0,1,2,0,1,5,3,1,2,3,0,2,5,0
Student 0094,1,1,1,1,1,1,1,1,0,1,0,1,1,1,0,0,1,0,0,1,1,1,1,1,0,1,1,1,1,0,1,2,0,0,5,0,0,1,0,1,0,3,1,0,3,1,0,2,0
Student 0095,1,1,1,1,1,1,1,0,0,1,1,1,1,1,1,0,1,0,1,1,1,1,1,1,0,1,0,1,0,1,3,2,0,1,5,2,0,2,0,3,0,2,2,0,1,1,2,0,0
Student 0096,1,1,1,1,1,1,1,0,1,1,1,1,0,1,1,0,1,0,0,1,1,1,1,1,0,1,0,0,0,0,0,2,2,0,5,4,2,2,3,2,5,5,1,3,1,0,2,3,3
Student 0097,0,1,1,1,1,1,1,0,0,1,1,1,1,1,0,1,0,0,0,1,1,1,1,1,0,0,1,1,1,0,3,2,2,3,5,2,2,2,0.6,3,5,5,2,3,3,2,2,4,0
Student 0098,0,0,0,1,1,0,1,0,0,1,0,1,1,1,1,1,1,0,1,0,1,1,1,1,0,1,0,0,0,1,3,2,0,0,5,0,0,2,0,1,4,3,2,0,2,1,0,0,0
Student 0099,1,1,1,1,1,1,1,0,0,0,1,1,1,1,1,1,1,0,1,1,1,1,1,1,1,1,0,1,1,1,1,2,0,0,5,4,2,1,2.1,2,2,5,2,1,3,2,2,0,3
Student 0100,1,0,1,1,1,1,1,0,0,1,1,1,1,1,1,1,1,1,0,1,1,1,1,1,0,1,1,0,1,0,3,2,0,0,5,2,2,0,3,3,1,4,2,3,3,2,2,3,0
Student 0101,1,1,1,1,1,0,0,0,1,0,1,1,1,1,1,0,0,0,1,1,1,1,1,1,0,1,0,1,1,0,3,2,2,1,5,3,2,0,3,3,4,5,1,3,3,2,2,4,0
Student 0102,1,0,1,1,0,1,0,1,1,1,1,1,0,1,1,1,0,1,1,1,1,1,1,1,0,1,1,1,1,0,1,2,0,2,5,2,0,0,1.2,1,3,3,2,0,3,1,2,5,0
Student 0103,1,0,1,0,1,0,1,0,0,1,1,1,1,1,1,0,1,0,0,1,1,1,1,1,1,0,0,1,1,0,3,2,1,1,5,3,2,0,3,3,4,4,0,3,3,2,2,4,0
Student 0104,1,1,1,1,1,1,1,0,0,1,1,1,1,1,1,1,0,0,1,1,1,1,1,1,0,1,0,0,1,0,3,2,1,3,5,4,2,2,3,3,5,5,2,3,3,2,2,5,0
Student 0105,1,1,0,0,1,1,1,1,0,1,0,1,1,1,1,1,0,0,0,1,1,1,1,1,0,1,0,1,1,0,3,2,0,1,5,0,1,0,1,2,3,2,2,2,0,2,0,3,0
Student 0106,0,1,1,0,1,0,1,0,1,1,1,1,1,1,1,0,0,0,0,1,1,1,1,1,0,1,0,0,0,1,0,2,1,0,4,4,2,2,2.1,3,0,4,1,1,2,2,2,4,0
Student 0107,1,1,1,1,1,0,1,1,1,1,0,1,0,1,1,1,0,0,0,1,1,1,1,1,0,0,1,0,1,1,3,2,2,0,5,3,0,0,0,1,3,5,2,2,3,2,0,1,2
Student 0108,1,0,0,1,1,1,1,0,0,1,0,1,1,1,1,0,0,0,0,1,1,0,1,1,0,0,1,1,1,0,1,2,2,0,5,3,0,2,1,1,3,3,2,0,1,0,1,1,0
Student 0109,1,1,1,1,0,1,1,0,0,1,0,1,1,1,1,1,1,0,0,1,1,0,1,1,0,1,0,1,0,1,1,2,0,0,5,3,2,0,3,1,2,3,2,0,3,0,0,4,0
Student 0110,1,1,1,1,1,1,1,1,0,1,0,1,1,0,1,1,1,0,0,0,1,1,1,1,1,1,0,1,1,0,3,2,2,3,5,0,2,0,1,2,2,5,1,1,3,2,2,5,0
Student 0111,1,0,1,1,1,1,1,0,0,0,0,1,1,1,1,1,0,0,0,1,1,1,1,1,0,1,0,0,0,1,0,2,1,3,4,0,2,2,0,1,5,3,2,2,3,2,0,1,0
Student 0112,0,1,0,1,1,1,1,0,0,0,1,1,0,1,1,1,1,0,0,0,1,0,1,1,0,0,0,0,0,1,1,2,0,0,4,0,2,0,0,2,2,5,2,0,1,1,2,0,0
Student 0113,1,1,1,1,0,1,1,0,0,1,1,1,1,0,0,1,1,1,0,0,0,1,1,1,1,1,0,1,0,1,1,2,0,0,5,4,1,2,1.2,2,0,3,0,0,2,2,0,0,0
Student 0114,1,1,1,1,1,1,1,0,1,1,1,1,0,1,1,0,1,0,1,0,1,1,1,1,0,1,0,0,1,0,3,2,0,1,5,3,1,0,1,1,2,5,2,2,3,2,2,4,0
Student 0115,0,1,0,1,1,0,1,1,0,1,1,0,0,1,1,0,0,0,1,1,0,1,1,1,0,0,0,0,1,1,0,2,0,0,0,0,2,1,0,0,0,2,0,0,0,0,0,0,0
Student 0116,1,1,1,1,1,1,0,0,0,0,0,1,1,1,1,0,1,1,0,1,0,0,1,1,1,0,0,0,1,1,3,2,2,3,5,3,0,0,0,2,0,4,1,2,3,1,0,0,0
Student 0117,1,1,1,1,1,1,1,0,0,1,0,1,1,1,1,0,1,0,0,1,0,1,1,1,0,1,0,1,1,0,3,2,2,0,5,4,2,0,0.6,3,4,5,1,2,3,2,2,4,0
Student 0118,1,1,0,1,1,1,1,0,0,1,1,1,1,1,1,1,1,1,0,1,1,1,1,1,1,1,0,0,1,0,1,2,0,0,5,3,0,0,0,2,0,0,2,2,0,1,0,2,0
Student 0119,1,1,1,1,1,1,1,0,0,1,1,1,1,1,1,0,1,0,0,0,1,1,1,1,0,0,0,1,0,0,2,2,0,1,4,5,0,2,0,1,0,5,1,0,3,2,2,4,0
Student 0120,0,1,1,1,0,1,1,0,0,1,1,1,1,0,0,1,1,0,0,0,1,0,1,1,0,1,0,1,1,0,1,2,2,1,5,5,1,2,1,2,2,4,0,2,3,1,2,5,3
Student 0121,1,1,1,1,1,1,1,0,1,1,1,1,1,0,1,1,1,0,0,1,1,1,1,1,1,1,0,1,1,0,2,0,2,3,5,2,2,2,0,1,0,3,1,0,3,1,2,4,0
Student 0122,1,1,1,1,1,1,0,1,0,1,1,1,1,1,1,0,1,0,0,1,1,1,1,1,1,1,1,1,1,1,2,2,2,3,5,4,1,1,2.1,2,5,5,2,1,3,2,0,1,3
Student 0123,0,1,1,1,1,1,1,0,1,0,1,1,0,1,1,1,1,0,0,0,1,1,1,1,1,0,0,1,1,1,0,2,2,0,3,3,2,0,1,2,2,2,2,0,1,2,2,0,0
Student 0124,0,1,1,1,1,1,1,0,0,0,1,1,1,1,1,1,0,0,1,1,1,1,1,1,1,1,0,1,1,0,1,2,0,0,5,0,1,0,2,0,4,3,2,0,1,1,0,3,0
Student 0125,1,0,1,1,1,1,0,0,1,0,1,0,0,0,1,0,0,0,0,0,1,0,1,1,0,0,0,1,0,1,3,2,0,0,5,0,2,0,1,0,1,3,0,0,1,2,2,2,0
Student 0126,1,1,1,1,1,1,1,0,0,1,1,1,0,1,1,0,1,1,0,1,1,1,1,1,0,1,1,1,1,1,0,2,0,3,5,2,1,0,0,1,2,5,2,2,3,0,0,1,0
Student 0127,0,1,0,1,1,1,1,0,0,1,0,1,1,1,0,0,0,0,0,1,1,1,1,1,0,1,0,0,0,1,1,2,2,0,5,4,1,2,0,2,5,4,1,2,3,0,2,2,0
Student 0128,0,1,1,1,1,1,1,0,0,1,1,1,0,1,1,0,0,0,0,0,0,1,1,1,0,0,0,0,1,1,3,2,2,3,3,5,2,2,1.2,2,0,2,0,0,1,2,0,1,0
Student 0129,1,1,1,1,1,1,1,0,0,1,0,1,1,1,1,0,0,0,1,1,1,1,1,1,0,0,1,0,0,0,3,2,0,0,5,2,2,0,1,2,0,4,2,0,3,2,2,0,0
Student 0130,0,0,1,1,1,0,0,0,0,0,0,0,1,0,1,0,0,0,0,0,1,1,0,1,0,0,0,1,1,0,0,0,2,0,1,1,0,0,0,0,0,2,0,0,1,1,0,0,0
Student 0131,1,1,1,1,1,1,1,0,0,1,0,1,1,1,0,0,1,0,0,1,1,1,1,1,0,1,0,0,0,0,0,2,0,0,3,4,1,0,2,2,2,1,2,1,2,2,2,0,0
Student 0132,0,1,1,1,1,1,1,0,0,0,1,0,1,0,1,0,1,1,0,1,1,1,1,1,1,1,0,1,1,0,1,2,2,3,3,5,0,2,3,2,2,2,2,0,3,0,0,3,3
Student 0133,1,1,0,0,0,1,1,0,1,0,1,0,0,1,1,1,0,0,1,0,1,0,1,1,0,1,1,0,1,1,1,0,2,0,1,3,2,0,0,0,0,3,0,0,0,0,1,0,0
Student 0134,1,0,1,1,1,1,1,0,0,1,1,1,1,1,1,1,1,1,1,1,1,1,1,1,1,0,0,1,1,1,3,2,2,3,5,5,2,2,3,3,1,5,2,3,3,2,2,4,0
Student 0135,1,1,1,1,1,0,1,0,1,0,0,1,1,1,1,0,1,0,1,0,0,1,1,1,0,0,0,1,1,0,3,2,2,3,5,3,1,0,0,1,1,5,1,2,3,1,2,3,0
Student 0136,1,0,1,1,1,1,1,0,0,1,0,1,1,1,0,0,0,0,1,0,1,1,0,1,0,1,0,0,1,0,2,2,0,1,5,2,0,0,0,3,2,2,0,0,2,0,0,0,0
Student 0137,0,0,1,1,1,0,1,0,0,1,1,0,1,1,1,0,0,1,0,1,1,1,1,1,0,1,0,1,1,1,3,2,2,0,5,2,2,2,0,1,2,4,2,0,0,1,0,4,0
Student 0138,1,0,1,1,1,1,0,0,0,0,1,0,1,1,1,1,0,1,0,0,1,1,1,1,0,1,0,0,0,0,3,2,2,1,4,3,2,2,1,2,0,5,0,0,1,2,2,1,0
Student 0139,1,1,1,1,0,1,1,0,0,1,1,1,1,1,0,1,1,0,1,1,1,1,1,1,0,1,1,1,1,0,3,2,2,0,5,1,2,0,1,3,2,2,0,2,1,0,2,0,0
Student 0140,1,1,1,0,1,1,1,0,0,1,1,1,1,1,1,1,1,1,0,1,1,1,1,1,0,1,0,1,1,0,1,2,0,1,5,5,2,2,0,3,2,4,0,0,1,1,2,0,0
Student 0141,1,0,1,1,1,1,1,0,0,0,1,1,1,1,1,0,0,1,1,1,1,1,1,1,0,0,0,0,0,0,3,2,2,1,5,4,2,0,0.6,3,5,5,2,2,3,2,2,2,3
Student 0142,0,1,0,0,1,0,1,0,0,1,1,1,1,1,1,1,0,0,0,0,0,1,1,1,0,0,0,1,1,1,0,2,0,0,3,5,0,1,1.2,2,0,3,1,0,3,1,2,4,0
Student 0143,1,1,1,1,1,1,1,0,0,0,0,1,0,1,1,1,1,0,0,1,1,1,1,1,0,1,0,1,1,1,3,2,2,3,5,0,0,0,0,1,5,4,2,2,3,0,2,5,2
Student 0144,0,1,1,1,1,1,0,0,0,1,1,1,0,1,1,1,0,0,0,0,1,1,0,1,0,1,0,0,1,0,0,2,0,0,3,2,0,2,0,1,0,1,0,0,0,1,0,0,0
Student 0145,0,0,0,1,1,1,1,0,0,1,1,1,1,0,1,0,0,0,0,1,1,1,1,1,0,1,0,0,0,1,3,2,2,3,5,0,1,2,1,0,0,5,2,2,2,1,2,0,0
Student 0146,0,1,1,1,0,1,1,0,0,1,0,0,0,1,1,1,0,0,1,0,1,0,1,1,1,0,0,0,1,0,0,2,1,0,5,5,1,2,0,1,1,3,0,0,1,2,2,0,0
Student 0147,1,1,1,1,1,1,1,0,0,0,0,1,1,1,1,1,0,0,0,1,1,1,1,1,0,0,0,1,0,1,0,2,2,3,5,0,2,0,3,1,0,4,2,0,0,1,0,2,0
Student 0148,1,0,1,1,1,1,1,0,0,1,0,1,1,1,1,0,1,0,0,1,1,1,1,1,1,1,0,1,1,0,3,2,1,3,4,1,0,0,3,2,2,3,2,0,3,2,1,4,1
Student 0149,0,0,1,1,1,1,1,0,0,1,1,0,1,1,1,0,0,0,1,1,1,1,1,1,1,1,0,0,1,0,0,2,0,1,5,2,1,0,0,1,3,2,1,0,2,1,2,0,0
Student 0150,1,1,1,1,1,1,0,0,0,1,0,1,1,1,1,1,1,1,0,1,1,1,1,1,0,0,0,0,1,1,0,2,0,0,5,3,0,2,0,2,5,4,0,0,0,2,1,2,0
Student 0151,1,0,1,1,1,1,1,0,1,1,0,1,1,1,1,1,0,0,0,0,1,0,1,1,1,0,1,0,0,1,2,2,0,3,3,3,1,0,1,2,0,2,0,0,3,2,0,0,0
Student 0152,1,0,0,1,1,1,1,0,0,1,1,1,1,1,1,1,0,0,0,1,1,1,1,1,1,1,0,1,1,0,1,2,1,0,5,2,1,2,2.1,1,1,3,1,1,1,2,0,0,0
Student 0153,1,0,1,1,1,1,1,0,0,1,1,0,0,1,0,1,1,1,1,0,0,0,0,1,1,1,0,1,1,1,2,2,2,0,5,2,1,2,0,1,0,5,1,0,3,2,2,2,0
Student 0154,0,1,1,1,1,1,1,1,0,1,1,1,1,1,1,1,0,0,1,1,0,1,1,1,0,1,0,0,1,1,1,2,1,0,5,2,0,2,0,0,2,5,0,0,1,1,1,2,0
Student 0155,1,0,1,1,1,1,0,1,1,1,1,1,1,1,1,0,0,0,0,0,1,1,1,1,1,1,0,1,1,1,3,2,0,0,5,4,2,0,3,3,2,4,0,3,0,2,2,1,0
Student 0156,1,1,1,1,0,1,1,0,0,1,1,1,1,1,1,0,1,0,0,0,1,1,1,1,0,0,0,0,1,0,3,2,0,1,5,3,1,2,2,2,1,4,0,0,2,1,2,2,0
Student 0157,0,1,0,1,1,1,1,0,1,1,1,1,1,1,1,1,0,0,0,1,1,0,1,1,0,0,0,0,1,0,1,2,2,3,5,5,2,1,2.1,1,2,3,2,0,3,2,2,2,0
Student 0158,0,0,1,1,0,1,1,0,0,1,0,1,0,0,0,0,1,0,1,0,1,1,1,1,0,0,0,0,1,0,1,2,0,0,4,0,0,0,0,0,0,5,0,0,3,0,0,0,0
Student 0159,1,1,1,1,1,1,1,0,0,1,1,1,1,1,1,0,0,1,1,1,1,0,1,1,0,0,1,0,1,0,0,2,0,0,4,4,1,0,3,2,0,5,1,2,2,2,2,1,0
Student 0160,0,0,1,0,1,1,1,0,0,1,1,1,1,1,1,0,0,1,0,1,1,0,1,1,0,1,1,0,0,0,2,2,0,1,5,5,2,2,0.9,2,2,5,2,2,1,2,2,0,0
Student 0161,0,0,1,1,0,0,1,0,0,1,1,1,1,1,0,1,1,1,1,0,1,1,1,1,0,1,0,0,1,1,0,2,2,3,5,5,0,2,3,0,0,3,1,0,0,2,1,3,0
Student 0162,1,0,0,1,1,0,0,1,0,1,1,1,0,1,1,0,1,0,0,1,1,1,1,1,0,0,0,0,0,1,3,2,2,0,5,2,2,0,0,0,3,3,1,2,0,1,2,0,0
Student 0163,0,0,1,1,0,1,1,0,0,1,0,1,1,1,1,0,1,1,0,1,0,1,1,1,0,1,1,0,0,1,0,2,2,1,1,2,0,2,0,2,0,2,0,0,1,1,0,0,0
Student 0164,1,0,1,1,1,1,1,0,0,1,1,1,0,0,1,0,0,1,0,0,1,1,1,1,0,1,0,0,1,1,2,0,2,0,5,3,2,1,1,3,5,0,0,2,1,1,2,4,0
Student 0165,1,0,1,1,1,1,1,0,0,1,1,1,1,1,1,0,1,0,1,1,1,1,1,1,0,1,0,1,1,0,0,2,0,0,4,2,1,2,2.1,1,2,3,2,0,3,1,1,1,0
Student 0166,1,0,0,1,1,1,1,0,0,1,1,1,1,1,1,1,1,0,0,0,1,0,1,1,1,1,0,0,1,0,3,2,0,0,5,0,2,2,0,2,0,2,1,3,1,1,2,0,0
Student 0167,1,0,1,1,0,1,1,1,0,1,1,1,1,1,1,1,1,0,0,0,1,1,1,1,1,1,1,0,1,1,3,2,1,0,5,2,2,2,0,2,2,5,0,0,3,2,2,1,0
Student 0168,0,0,1,1,1,1,1,1,0,1,0,0,1,0,0,0,0,1,0,1,1,1,1,1,0,1,0,0,0,1,1,2,0,3,4,4,0,2,3,3,0,5,0,0,3,0,0,2,0
Student 0169,1,1,1,1,1,1,1,0,0,1,1,1,1,1,1,1,1,1,0,1,1,1,1,1,0,0,1,1,1,1,1,2,2,3,5,4,2,1,2.1,2,2,2,2,0,1,2,0,1,0
Student 0170,1,1,0,1,1,1,1,1,1,1,1,0,0,1,1,1,1,1,0,1,1,1,1,1,0,1,0,0,1,1,3,2,0,1,4,4,0,1,1,0,2,5,2,1,2,2,2,4,0
Student 0171,1,1,1,1,1,1,1,0,0,1,1,1,1,1,1,0,0,1,0,1,1,1,1,1,1,1,0,0,1,1,3,2,2,0,4,1,2,0,1,3,0,5,2,2,3,2,1,0,0
Student 0172,1,1,1,1,1,1,1,0,1,0,0,1,1,1,1,1,1,0,1,0,1,1,1,1,0,1,0,1,1,0,3,2,0,2,5,0,1,2,1,1,3,5,2,0,3,2,2,5,1
Student 0173,1,1,1,0,1,0,1,0,0,1,1,1,1,1,0,1,0,0,0,0,1,1,1,1,0,1,0,1,1,1,2,2,0,0,1,5,1,2,1,2,3,4,0,3,3,0,2,4,3
Student 0174,1,1,1,1,1,1,1,0,0,0,0,1,1,1,1,1,1,1,1,0,1,1,1,1,0,1,0,1,1,1,1,2,0,0,5,1,0,0,1,2,1,3,0,3,3,1,0,0,0
Student 0175,0,1,1,1,1,1,1,0,0,1,0,1,1,1,1,1,0,1,0,0,1,1,1,1,1,1,0,1,1,1,0,2,0,0,5,5,1,2,1.2,1,4,2,1,2,3,1,2,3,0
Student 0176,1,0,1,1,1,1,1,0,0,1,1,1,0,1,1,0,1,0,0,1,0,1,1,1,1,1,1,1,0,0,2,2,2,3,5,5,2,2,2.1,2,2,3,1,0,1,1,2,0,0
Student 0177,1,0,1,0,1,1,1,0,1,1,1,0,0,1,0,0,1,1,1,0,1,1,1,1,0,1,0,1,1,1,1,2,0,0,2,5,0,0,0,0,2,5,1,0,0,1,0,4,0
Student 0178,1,1,1,1,1,1,0,0,1,1,0,0,1,1,1,0,1,0,0,1,1,1,1,1,0,1,0,0,1,1,3,2,0,1,3,1,0,1,1,0,0,5,2,0,2,2,0,0,0
Student 0179,1,1,1,1,1,1,1,1,0,1,1,1,1,1,1,1,1,0,0,1,1,1,1,1,0,1,0,0,1,0,1,2,0,3,5,1,1,2,1,2,4,4,2,3,3,2,2,3,0
Student 0180,0,1,1,1,1,1,0,0,1,0,0,1,1,1,1,0,1,0,0,1,1,1,1,1,1,1,0,1,1,1,2,2,0,0,3,0,2,0,2,0,2,4,0,0,2,2,1,1,0
Student 0181,1,1,1,0,1,1,0,0,0,0,0,1,0,1,1,1,1,0,0,1,1,0,1,1,0,1,0,1,0,1,1,2,0,0,4,1,2,2,0.9,2,2,3,1,0,1,2,1,3,0
Student 0182,0,1,1,1,1,1,1,0,0,1,0,1,0,1,1,0,0,1,0,0,1,1,1,1,1,1,0,1,1,1,0,2,0,0,5,0,1,0,2,2,0,4,1,0,2,1,1,0,0
Student 0183,1,0,1,0,1,1,1,1,0,1,0,1,1,1,1,0,1,0,1,1,1,1,1,1,0,0,0,1,1,0,3,2,2,3,5,0,0,0,1.2,0,5,4,2,2,3,1,2,2,0
Student 0184,0,1,1,1,0,0,1,1,0,1,1,1,1,0,1,1,0,1,1,0,1,1,1,1,0,0,1,1,1,0,0,2,0,0,5,3,2,0,0,2,0,5,0,3,1,0,0,0,0
Student 0185,1,1,0,1,1,1,0,0,0,1,0,1,1,0,0,0,0,1,0,1,0,1,1,1,1,0,0,1,1,0,3,2,0,0,5,0,1,2,1,2,2,5,2,2,3,0,1,0,0
Student 0186,1,1,1,1,1,1,1,1,0,1,1,1,1,1,1,0,1,1,0,1,1,1,1,1,0,1,0,1,1,1,3,2,0,3,5,3,1,0,0,3,2,3,2,2,2,2,2,3,0
Student 0187,1,1,1,1,1,1,1,0,0,1,1,1,1,1,0,1,1,0,0,0,1,1,1,1,1,0,0,1,0,0,0,2,2,1,5,5,2,2,0,1,0,2,0,1,3,2,2,2,1
Student 0188,1,1,1,1,1,1,0,0,0,1,0,1,1,0,1,0,0,0,0,1,1,1,1,1,0,1,1,0,1,1,1,2,0,0,3,0,0,0,0,0,2,2,0,0,0,1,0,0,0
Student 0189,1,1,1,0,1,1,1,0,0,1,1,1,1,1,1,1,0,1,0,0,0,1,1,1,0,0,0,1,1,1,3,2,2,3,5,0,0,2,1,1,2,3,0,2,1,0,2,1,0
Student 0190,1,1,1,1,1,1,1,0,1,1,0,1,1,1,1,1,1,1,0,1,1,1,1,1,1,0,0,1,1,1,1,2,0,0,3,0,0,0,3,1,4,4,2,3,3,2,2,3,0
Student 0191,1,1,0,1,0,1,1,0,0,1,1,1,1,1,1,0,1,0,0,0,1,0,1,1,0,1,1,0,1,0,0,2,0,3,5,2,0,2,0,2,0,1,1,0,0,1,2,0,0
Student 0192,0,1,1,1,1,1,1,0,0,1,1,1,1,1,1,1,0,0,0,0,1,1,1,1,0,0,0,0,1,1,2,2,2,1,4,4,2,2,2,2,2,4,2,1,0,2,1,1,0
Student 0193,1,1,1,1,1,1,1,0,0,1,0,1,1,1,1,0,1,0,1,0,1,1,1,1,0,1,0,1,1,0,3,2,2,3,5,5,0,0,0,2,1,4,1,0,1,2,0,1,0
Student 0194,1,1,0,1,1,1,1,0,0,0,1,1,1,0,1,1,1,0,0,1,0,1,1,1,0,1,0,0,1,1,3,2,2,0,3,5,2,0,1,3,5,4,1,0,3,1,2,3,0
Student 0195,0,1,1,1,1,1,1,0,0,1,0,1,1,1,1,1,1,0,0,0,1,1,1,1,1,1,1,1,1,0,2,2,2,1,3,2,2,1,1,3,2,5,2,3,1,2,1,3,0
Student 0196,1,1,1,1,1,1,1,0,0,1,1,1,0,1,1,1,0,0,0,1,1,1,1,1,0,0,0,1,1,1,3,2,2,3,5,0,0,2,0,1,0,4,2,0,3,1,2,1,0
Student 0197,0,1,1,1,1,0,1,0,0,0,0,0,0,0,0,1,0,1,0,1,1,1,0,1,0,1,0,0,0,1,2,2,0,2,3,0,0,0,1,1,1,4,0,2,1,1,0,0,0
Student 0198,1,0,1,1,1,1,1,0,0,1,1,1,1,1,1,1,1,0,0,1,1,1,1,1,1,0,1,1,0,0,3,2,2,0,5,0,2,2,1,1,2,5,2,2,3,2,1,4,0
Student 0199,0,1,0,1,1,1,1,0,0,1,1,1,0,1,1,0,1,0,0,0,1,1,1,1,0,0,0,0,1,1,0,2,0,0,5,3,1,1,0,2,0,3,0,0,3,2,2,0,0
Student 0200,1,1,1,0,1,1,1,0,0,1,1,1,0,1,1,1,0,0,0,0,1,0,1,1,0,0,0,1,1,1,1,2,1,1,5,5,2,2,0,2,1,3,1,0,2,2,2,5,1
Student 0201,0,1,1,1,1,1,1,0,0,1,1,1,1,1,0,0,1,0,1,1,1,1,1,1,0,1,0,0,0,1,1,2,2,0,5,5,2,2,1,3,0,1,0,0,3,1,0,0,0
Student 0202,0,1,0,1,1,1,1,1,0,1,1,1,1,1,1,0,1,0,0,0,1,1,1,1,0,1,0,0,1,0,1,2,0,0,5,2,0,2,1.2,2,0,4,0,0,2,1,1,0,0
Student 0203,1,1,1,1,0,0,1,0,0,1,1,1,0,0,1,1,1,0,0,1,1,1,1,1,0,1,0,1,0,0,2,2,0,0,5,0,0,2,1,1,0,3,2,2,3,2,2,4,0
Student 0204,1,1,1,1,1,1,1,0,1,1,0,1,1,1,1,0,0,0,1,1,0,1,1,1,0,0,0,1,1,0,1,2,1,0,5,4,2,1,0,2,1,3,2,1,1,2,2,0,0
Student 0205,0,1,1,0,1,1,1,1,0,1,1,1,1,1,0,0,0,1,1,0,1,1,1,1,1,1,0,1,1,0,3,2,1,3,5,0,1,2,0,2,2,4,0,2,3,1,2,1,0
Student 0206,0,0,1,1,1,1,1,0,0,1,0,1,1,1,1,1,0,0,1,0,1,1,1,1,0,0,0,0,1,1,3,2,2,3,5,2,0,1,0,1,2,1,0,0,0,0,2,0,0
Student 0207,1,1,1,1,1,1,1,0,0,1,1,1,1,1,1,1,1,0,0,1,1,0,1,1,0,1,1,1,1,1,2,2,0,1,5,5,2,0,1.2,1,3,4,1,1,3,2,2,4,0
Student 0208,1,1,0,1,0,0,1,0,1,1,1,0,0,1,0,0,1,0,1,0,1,1,1,1,0,0,1,0,1,1,0,2,0,3,0,3,0,0,1,0,0,2,0,0,0,1,0,0,0
Student 0209,0,1,0,1,1,1,1,0,1,1,1,1,0,1,1,0,0,1,1,0,0,1,1,1,0,1,0,1,1,1,0,0,0,0,3,5,1,2,0,2,0,0,0,0,3,1,2,0,0
Student 0210,1,1,1,1,1,0,1,1,0,1,1,1,1,1,0,0,1,0,0,1,1,1,1,1,0,0,1,0,0,0,3,2,0,1,5,4,0,2,0,1,0,4,0,0,2,2,2,1,0
Student 0211,0,1,1,1,0,1,1,0,0,1,1,1,0,1,1,1,1,0,1,1,0,0,1,1,0,0,1,0,0,0,3,2,0,0,5,5,0,2,0,1,2,5,2,0,1,2,2,5,0
Student 0212,1,1,1,1,1,1,1,0,0,1,1,1,1,1,1,0,1,1,1,0,1,0,1,1,0,0,0,0,1,1,3,2,0,0,5,1,2,2,0,1,2,4,1,2,3,1,2,0,0
Student 0213,0,1,0,1,1,1,1,0,0,1,1,1,1,1,1,1,0,0,0,0,1,0,1,1,0,1,0,1,1,0,2,2,2,1,5,5,2,2,0,2,0,5,1,0,3,2,2,0,1
Student 0214,0,1,1,1,1,1,1,0,0,1,0,1,0,1,1,1,1,0,0,1,0,1,1,1,0,1,0,1,0,1,2,2,0,3,5,2,1,2,2.1,3,2,1,1,0,3,2,1,2,0
Student 0215,1,0,1,1,1,1,1,0,0,1,1,1,1,1,1,0,1,0,0,1,1,1,1,1,0,1,1,1,1,1,1,2,2,3,5,2,2,0,2,1,2,3,0,0,3,2,0,1,0
Student 0216,1,1,1,1,1,0,1,0,0,1,1,1,1,1,0,1,1,0,0,1,1,1,1,1,1,0,0,1,1,0,1,2,2,1,4,5,2,2,1,2,1,2,0,0,3,2,2,0,0
Student 0217,1,0,1,1,1,1,1,0,0,1,1,1,1,1,0,0,1,0,0,0,1,0,1,1,0,1,0,0,1,0,0,2,2,3,5,0,1,2,1.2,2,2,5,1,3,3,2,2,0,0
Student 0218,1,1,0,1,1,1,1,0,0,0,0,1,1,1,0,0,0,0,0,1,1,1,1,1,0,1,0,0,1,0,1,2,0,0,5,0,0,0,1,3,2,4,1,0,3,2,0,2,0
Student 0219,0,0,1,0,0,1,1,1,0,1,1,1,1,1,1,0,0,0,0,0,1,1,1,1,0,1,0,1,1,0,3,2,2,2,4,5,1,2,1.2,2,0,5,1,0,3,1,2,2,0
Student 0220,0,0,1,0,1,1,1,0,0,1,0,0,0,1,1,0,0,1,1,0,0,1,1,1,1,0,1,0,0,1,1,2,2,3,5,2,2,2,1.5,2,1,5,0,0,1,2,2,0,0
Student 0221,0,1,1,1,1,1,1,0,0,1,1,1,1,0,1,0,0,0,1,1,1,0,1,1,0,1,1,0,1,0,1,2,2,3,5,4,2,2,2,3,0,2,0,0,2,1,0,0,0
Student 0222,1,1,1,1,1,1,1,1,0,1,1,1,1,1,1,1,1,1,0,1,1,1,1,1,0,0,0,0,1,1,3,2,2,3,5,2,1,2,0,1,5,1,2,0,2,2,2,0,3
Student 0223,1,0,1,1,1,1,1,0,0,0,0,1,1,1,1,1,1,1,0,1,1,1,1,1,1,0,0,1,1,0,2,2,0,1,5,1,2,1,2.1,3,2,3,2,0,3,1,0,1,0
Student 0224,1,1,1,1,1,1,1,0,0,1,0,1,1,1,1,0,1,1,0,1,1,1,1,1,0,1,0,1,0,0,3,2,0,0,4,3,2,1,1,1,2,4,1,0,3,2,2,5,0
Student 0225,1,1,1,1,1,1,1,0,0,1,1,1,1,1,1,1,1,0,0,1,1,1,1,1,1,0,0,0,1,0,1,2,2,0,4,5,2,2,0,2,0,4,2,2,1,0,1,0,0
Student 0226,1,1,1,1,1,1,1,0,0,1,1,1,1,1,1,1,1,0,0,0,1,1,1,1,1,1,1,1,1,0,3,2,0,1,4,4,0,1,1,1,2,5,2,0,3,2,0,1,0
Student 0227,0,0,0,0,0,1,1,0,0,0,1,0,1,1,1,0,0,1,1,0,1,1,1,1,0,1,1,0,0,1,0,2,2,2,2,0,2,0,0,2,2,3,0,2,3,2,2,3,1
Student 0228,1,1,1,1,0,0,0,0,0,0,1,1,1,1,1,0,0,1,0,0,1,1,1,1,1,1,1,1,1,0,3,2,2,3,5,5,2,2,3,3,1,5,1,3,3,2,2,5,0
Student 0229,0,1,1,1,1,1,0,1,0,1,0,1,1,1,1,0,0,0,0,1,1,1,1,1,0,0,0,0,1,0,0,2,2,0,5,3,0,0,3,1,0,4,2,3,3,1,1,2,1
Student 0230,1,1,0,1,1,1,1,0,0,1,1,1,1,1,0,0,1,0,1,0,1,1,1,1,1,1,0,1,1,0,3,2,2,1,5,2,2,2,0,3,5,3,0,0,1,1,2,0,0
Student 0231,1,1,1,1,1,1,1,0,0,1,0,1,1,1,1,0,1,0,0,1,0,1,1,1,0,0,0,1,1,1,0,2,0,0,5,3,2,0,2,0,2,2,2,0,3,2,0,3,0
Student 0232,0,0,1,1,1,1,1,0,0,1,1,1,1,1,1,0,1,1,0,0,0,1,1,1,0,1,0,0,0,1,2,2,1,2,5,5,1,1,2,2,0,3,0,1,1,1,2,0,0
Student 0233,0,1,1,1,1,0,1,0,1,0,0,1,1,1,1,0,1,1,0,0,1,1,1,1,0,0,0,0,1,0,0,2,0,2,5,0,0,0,0,0,2,3,1,0,3,1,0,0,0
Student 0234,0,0,1,1,1,1,1,0,0,0,1,1,1,1,0,1,1,0,1,0,1,1,1,1,0,1,0,0,1,0,1,2,0,0,4,4,2,2,3,1,0,4,0,1,3,0,0,0,0
Student 0235,1,1,0,1,1,1,1,0,0,1,1,1,0,1,1,1,1,1,0,1,1,1,1,1,0,0,0,1,1,0,2,2,2,3,5,3,2,2,0,2,1,1,0,2,3,0,2,1,2
Student 0236,0,1,1,1,1,1,1,0,0,1,1,1,1,1,1,1,0,1,0,1,1,1,1,1,1,1,0,1,1,0,3,2,1,3,5,0,2,0,1,3,2,5,1,0,3,2,2,3,0
Student 0237,0,1,1,1,1,1,1,0,0,1,1,1,1,1,1,1,1,1,1,1,1,1,1,1,0,1,0,0,1,0,2,2,0,1,3,2,0,0,1,1,0,2,2,0,3,2,0,1,0
Student 0238,0,0,1,1,1,1,1,0,0,1,1,1,1,1,1,1,1,1,0,1,1,1,1,1,0,1,0,0,1,0,1,0,1,0,5,2,2,2,3,2,0,2,1,0,3,2,2,0,1
Student 0239,0,1,1,1,1,1,1,0,0,1,0,1,1,0,1,1,0,0,1,0,1,1,1,1,1,1,0,1,1,0,1,0,1,3,5,2,1,1,2.1,2,0,5,1,1,3,2,2,3,0
Student 0240,1,1,1,1,1,1,1,0,0,1,1,1,1,0,1,0,0,1,0,1,1,1,1,1,0,1,1,1,1,0,3,2,2,3,5,4,1,1,0,2,0,3,1,0,1,1,2,3,1
Student 0241,0,0,0,0,1,1,1,0,0,1,1,0,0,1,1,1,1,0,0,0,1,1,1,1,0,1,0,0,1,0,2,2,1,1,3,2,2,2,2.1,1,0,5,0,0,1,2,1,2,1
Student 0242,1,1,1,1,1,1,1,0,0,1,1,1,1,1,1,1,1,0,0,1,1,1,1,1,0,1,0,0,0,0,3,2,1,3,5,2,1,2,0,2,2,3,2,1,3,2,2,0,0
Student 0243,0,0,0,1,1,1,1,0,0,1,1,0,0,0,1,0,0,1,1,0,0,0,0,1,1,0,1,1,0,1,0,2,1,1,4,2,1,0,0,2,2,5,0,0,2,2,2,4,0
Student 0244,1,1,1,1,1,1,1,0,0,1,0,1,0,1,1,0,1,1,1,1,1,1,1,1,1,1,1,1,1,1,3,2,0,3,4,0,2,2,1,2,2,4,2,1,3,2,2,0,3
Student 0245,1,1,1,0,1,1,1,0,1,1,0,1,1,1,1,0,1,1,1,1,1,1,1,1,1,1,0,0,1,0,3,2,2,0,5,0,1,0,0,2,3,5,2,3,3,1,0,1,1
Student 0246,1,0,1,1,1,1,1,0,0,1,0,1,1,1,1,0,0,1,0,0,0,1,1,1,0,1,0,1,1,0,3,2,2,3,4,4,1,0,1,2,2,5,0,3,3,1,2,5,2
Student 0247,1,0,1,1,1,1,0,1,0,1,1,1,0,1,1,0,1,0,0,1,1,1,0,1,0,1,0,0,0,1,1,2,0,3,5,3,2,0,1,0,0,2,0,0,0,0,0,0,0
Student 0248,0,1,1,0,0,1,1,0,0,0,0,0,0,1,1,0,0,0,1,1,1,1,1,1,0,0,0,0,0,0,0,2,1,3,5,2,0,0,0,2,0,3,0,0,3,2,0,0,0
Student 0249,0,0,1,0,0,1,1,0,1,1,1,1,0,0,1,1,1,0,0,1,1,1,1,1,0,0,0,1,0,0,3,0,1,1,3,4,2,1,1.2,1,1,2,0,0,2,2,0,0,1
Student 0250,0,1,1,1,1,1,1,0,0,0,1,1,1,1,1,0,0,1,0,0,1,1,1,1,0,1,1,0,1,1,0,2,1,0,4,5,2,2,0,3,3,4,1,3,3,2,2,5,3
Student 0251,1,1,1,1,1,1,1,1,0,1,1,1,1,1,1,0,0,1,0,1,1,1,1,1,0,0,0,0,1,0,1,2,0,0,5,3,2,0,3,2,4,5,2,0,0,2,0,2,0
Student 0252,0,1,0,1,1,1,1,0,0,1,1,1,0,1,1,0,0,1,0,0,1,1,1,1,1,1,1,0,1,0,0,2,2,1,5,5,1,2,3,3,4,5,1,3,3,2,2,2,0
Student 0253,0,1,1,1,0,1,1,1,0,1,1,1,0,1,1,1,1,0,1,0,1,1,1,1,0,1,0,0,1,0,2,2,2,3,4,5,2,2,0,1,1,5,0,0,3,2,0,4,3
Student 0254,1,1,0,0,1,1,1,0,0,1,1,1,1,1,1,0,1,0,0,0,1,1,1,1,0,1,0,0,0,1,1,2,1,3,4,3,2,2,1.5,1,5,5,0,0,1,1,2,0,0
Student 0255,1,1,1,1,1,1,1,0,0,1,0,1,1,1,1,1,1,0,1,1,1,1,1,1,1,1,0,1,0,1,3,2,0,3,4,2,2,0,0,2,5,2,2,0,3,0,2,4,0
Student 0256,0,1,1,0,0,1,1,0,1,1,1,1,0,1,1,1,1,1,0,0,1,1,1,1,0,0,0,0,1,1,3,2,2,1,5,5,2,2,3,3,3,4,1,3,3,2,2,4,0
Student 0257,1,1,1,1,1,1,1,0,0,1,1,1,1,1,1,1,1,0,0,1,0,1,1,1,0,1,0,1,0,1,3,2,1,3,5,2,1,1,0,2,5,2,2,1,2,1,2,3,3
Student 0258,0,0,1,1,1,1,1,0,1,1,1,1,1,1,1,0,1,0,0,1,1,0,1,1,0,1,0,1,1,0,3,2,2,3,4,5,1,2,1,2,0,4,0,0,3,1,2,0,0
Student 0259,1,0,1,1,1,1,1,1,1,1,1,1,1,1,1,0,0,1,0,1,1,1,1,1,1,0,0,1,1,1,3,2,2,3,5,5,2,2,3,3,3,5,2,3,3,2,2,5,0
Student 0260,1,1,0,1,1,1,1,0,0,1,1,1,1,1,1,0,1,0,0,1,1,1,1,1,1,1,0,1,1,1,3,2,2,1,5,3,2,0,3,3,5,4,2,3,3,2,2,5,0
Student 0261,1,0,0,1,1,1,1,0,0,1,0,1,1,1,1,0,0,0,0,0,1,1,1,1,0,0,1,0,1,1,3,2,2,0,5,2,1,0,3,3,5,4,2,3,3,2,2,5,0
Student 0262,1,0,1,0,1,1,1,0,1,1,0,1,0,1,1,1,1,0,0,0,1,1,1,1,0,1,1,0,1,1,3,2,0,1,5,5,0,2,0,3,0,5,0,0,3,1,2,4,0
Student 0263,0,0,1,1,1,1,0,1,0,1,1,1,0,1,1,1,0,0,1,0,1,1,1,1,0,0,0,0,1,0,0,0,2,0,4,0,2,2,0,1,0,3,0,0,3,2,2,2,0
Student 0264,1,1,1,1,0,1,1,0,0,1,1,1,0,1,1,0,0,1,0,1,1,1,0,1,0,1,1,1,1,0,3,0,2,0,5,0,2,2,0,2,3,3,2,2,3,0,1,1,0
Student 0265,1,0,1,1,1,1,0,1,0,1,1,1,0,1,1,1,1,0,1,1,1,1,1,1,0,1,0,0,0,1,3,2,2,3,5,0,2,0,0,2,4,5,2,0,3,2,2,5,0
Student 0266,1,0,1,1,1,1,1,0,0,1,1,1,1,0,1,1,1,0,0,0,1,1,1,1,1,0,0,0,1,1,3,2,0,3,4,4,2,1,1,1,0,5,1,0,3,2,2,1,0
Student 0267,1,1,0,1,0,1,1,0,0,1,0,1,0,1,1,1,0,1,0,0,1,1,1,1,0,1,0,0,1,0,3,2,2,1,5,3,1,1,2,1,4,5,2,0,3,2,2,0,0
Student 0268,1,0,1,1,1,1,1,0,0,1,1,1,1,1,0,0,1,0,0,1,1,1,1,1,0,1,0,0,1,1,3,2,1,1,5,5,2,2,0,3,4,3,2,0,3,2,1,1,0
Student 0269,1,1,1,1,1,1,1,0,1,1,1,1,1,1,1,1,1,0,0,1,1,1,1,1,1,1,1,0,1,0,3,2,0,2,5,1,2,1,0,3,2,4,2,0,3,2,2,1,0
Student 0270,0,1,1,1,0,1,1,0,0,0,1,1,0,1,1,1,0,1,1,1,1,1,1,1,0,1,0,1,1,1,0,2,2,0,5,5,2,2,1,1,0,3,1,1,2,1,1,0,0
Student 0271,1,1,1,0,1,1,1,0,0,1,1,1,1,1,1,1,1,0,0,1,1,1,1,1,0,0,0,0,1,1,3,2,2,3,5,5,1,2,0,3,5,3,2,0,3,2,0,1,2
Student 0272,0,0,1,1,1,0,1,0,0,1,1,1,1,1,0,1,0,0,0,1,1,1,1,1,0,1,0,1,1,0,2,2,2,0,3,5,1,1,2,3,2,4,1,1,3,1,2,2,0
Student 0273,0,1,1,1,1,1,1,0,0,1,1,1,0,1,1,1,0,0,0,1,1,1,1,1,1,1,0,0,1,1,3,2,1,1,5,2,1,1,0,1,5,4,2,0,3,2,2,0,1
Student 0274,0,0,1,1,1,1,1,1,1,1,1,0,0,1,1,1,0,0,1,1,1,1,1,1,0,1,1,1,1,0,2,0,1,1,5,2,2,1,0,2,0,3,0,2,3,2,2,0,1
Student 0275,0,0,1,1,0,1,0,0,0,0,0,1,0,0,1,0,0,0,1,1,1,1,1,1,1,1,0,0,0,1,0,2,1,0,5,2,2,1,0,2,3,3,2,1,3,2,0,0,1
Student 0276,0,0,1,1,1,0,1,0,0,1,1,1,1,1,1,1,1,0,0,1,1,1,1,1,0,0,0,0,1,1,3,2,0,0,5,5,1,2,0.9,3,0,3,0,0,1,2,2,0,0
Student 0277,1,1,1,1,1,1,1,0,0,1,1,1,1,1,1,0,1,0,1,1,1,1,1,1,0,1,1,1,1,1,3,2,2,3,5,4,2,0,3,3,4,5,0,3,3,2,2,4,0
Student 0278,1,0,1,1,1,1,1,0,0,1,0,0,1,1,1,0,1,0,0,0,1,1,1,1,1,1,0,0,1,1,3,2,2,0,5,0,0,0,0,0,5,4,0,2,3,1,2,0,0
Student 0279,1,1,1,1,1,1,1,0,0,0,1,1,1,1,1,1,1,0,1,1,1,1,1,1,1,1,0,1,1,0,3,2,0,1,4,2,2,2,2,1,0,4,2,0,1,1,2,5,2
Student 0280,1,0,1,1,1,1,1,0,0,1,1,1,1,0,1,0,1,0,0,1,1,1,1,1,1,1,0,0,1,0,3,2,2,3,4,5,2,2,1,2,3,4,1,0,1,1,2,2,0
Student 0281,0,0,0,1,1,0,1,0,0,1,0,1,0,1,0,0,0,0,0,1,1,1,1,1,0,0,0,0,1,0,0,2,2,3,3,2,1,2,1.2,3,1,5,1,0,1,2,2,0,1
Student 0282,0,0,1,1,1,1,1,0,0,1,1,1,1,1,1,1,0,1,0,1,1,1,1,1,0,1,0,1,1,0,3,2,2,3,5,0,2,2,0,1,1,4,2,0,2,2,2,3,0
Student 0283,1,1,1,1,1,1,1,0,0,1,0,1,1,1,1,0,1,0,0,1,1,1,1,1,0,0,0,0,1,1,3,2,2,1,5,3,2,0,3,3,3,4,2,0,3,1,2,4,0
Student 0284,1,1,1,1,1,1,1,0,0,1,1,1,1,1,1,0,1,0,0,1,1,1,1,1,0,1,0,1,1,1,2,2,2,0,4,5,2,0,3,3,5,5,2,2,0,2,1,4,0
Student 0285,1,1,1,1,1,1,1,0,0,1,1,1,0,0,1,0,1,1,0,1,0,1,1,1,0,0,0,1,1,0,0,2,2,3,5,5,2,2,0,2,2,4,0,1,3,2,2,3,0
Student 0286,0,1,0,1,0,0,1,0,0,1,1,0,0,1,0,0,0,1,0,1,1,1,0,1,0,1,1,0,1,0,0,2,0,0,3,1,0,0,1.2,0,0,2,1,0,3,1,2,1,0
Student 0287,0,1,1,1,1,1,1,0,0,1,1,1,1,1,0,0,1,0,1,0,0,1,1,1,0,1,1,0,1,0,2,2,0,0,5,3,2,2,2,2,2,4,0,1,3,1,2,4,0
Student 0288,1,0,1,1,1,1,1,0,0,1,1,1,1,0,1,1,1,0,0,1,1,1,1,1,1,1,0,0,1,1,3,2,2,3,5,4,1,2,1,2,2,4,0,0,3,2,2,1,0
Student 0289,1,1,0,1,1,1,1,1,1,1,1,1,0,0,1,0,0,0,1,1,0,0,1,1,0,0,0,1,1,1,3,2,0,0,5,2,2,0,3,2,0,4,1,0,3,1,1,0,0
Student 0290,0,1,1,0,1,1,1,0,0,1,0,1,1,1,1,0,1,0,0,1,0,1,1,1,0,1,0,0,1,0,2,2,1,3,5,2,2,2,0,2,0,2,1,0,2,2,0,0,3
Student 0291,1,0,1,0,1,1,1,0,0,1,1,1,1,0,1,1,0,0,0,1,1,1,1,1,0,1,0,1,1,1,3,2,2,0,5,2,2,1,0,2,1,2,1,0,0,2,2,1,0
Student 0292,0,0,1,1,1,1,1,0,1,0,1,1,1,1,1,1,1,1,0,1,1,1,1,1,0,1,0,0,1,1,1,2,0,0,5,0,1,2,0,2,2,4,2,2,3,0,2,2,0
Student 0293,0,1,1,1,1,1,1,0,0,1,1,0,1,1,0,0,1,0,0,1,1,1,1,1,1,1,0,0,1,0,0,2,1,3,5,5,1,1,2,3,0,2,0,0,3,1,2,2,1
Student 0294,0,0,1,1,0,1,1,0,0,1,1,1,0,1,1,0,0,0,0,0,1,0,1,1,0,1,0,0,1,0,0,2,0,3,5,2,2,2,0,3,0,3,0,0,2,2,2,2,0
Student 0295,1,0,1,1,1,1,1,0,0,1,1,1,1,1,1,0,1,0,1,1,1,1,1,1,1,1,1,1,1,0,0,2,2,0,2,5,1,2,0,2,0,2,1,0,1,1,2,0,0
Student 0296,0,0,0,1,0,1,1,0,0,1,1,1,1,0,1,0,0,0,1,0,1,1,0,1,0,1,0,1,1,1,0,2,2,0,5,5,2,2,1,1,0,3,1,0,3,1,2,0,0
Student 0297,0,0,1,1,1,1,1,0,0,1,1,1,0,1,1,1,0,1,0,1,1,1,1,1,0,0,0,0,0,1,0,0,2,3,4,5,2,2,0,2,0,4,2,0,1,2,2,4,0
Student 0298,1,0,1,1,1,0,1,0,1,1,1,0,1,1,1,1,1,0,1,1,1,1,1,1,1,1,0,1,1,1,3,2,0,1,5,0,2,2,0,2,2,5,2,0,1,2,2,0,3
Student 0299,1,0,1,0,1,1,0,0,0,1,0,1,0,1,1,1,1,0,0,0,1,1,1,1,1,1,1,1,1,1,3,2,2,1,5,3,1,0,0,3,2,5,1,0,3,1,2,5,3
Student 0300,1,1,1,1,1,1,1,0,0,1,1,1,0,1,1,0,1,1,0,0,1,1,1,1,0,1,1,1,1,1,3,2,2,2,5,0,2,1,3,1,0,5,1,3,2,1,1,2,0
Student 0301,1,1,0,1,1,1,1,0,0,1,1,1,1,1,1,1,1,1,0,0,1,1,1,1,0,0,0,0,1,0,3,2,2,1,4,5,2,2,1,3,1,3,0,0,2,1,0,0,0
Student 0302,1,1,1,1,0,1,1,1,0,1,0,1,1,1,1,0,1,0,0,0,1,1,0,1,0,1,0,0,1,0,1,2,0,0,5,5,0,2,1,0,0,2,0,0,1,2,1,0,0
Student 0303,0,0,1,1,1,1,1,0,0,0,1,1,1,1,1,0,1,0,0,0,1,1,1,1,1,1,0,0,0,1,1,2,0,3,4,5,2,1,1,1,2,5,2,1,3,2,2,1,0
Student 0304,1,0,1,0,1,1,1,1,1,1,1,1,1,1,1,1,0,0,1,1,1,1,0,1,0,1,1,1,0,1,2,2,0,3,5,5,1,2,2.1,1,0,3,0,0,2,1,2,0,3
Student 0305,1,1,1,1,0,1,1,0,0,1,1,1,1,1,0,1,1,0,1,0,1,1,1,1,1,1,0,1,1,0,3,2,2,3,5,4,2,2,3,3,0,5,1,0,3,1,2,4,0
Student 0306,0,1,0,1,1,1,0,0,1,1,0,0,1,0,1,1,1,1,1,0,1,1,1,1,0,1,0,1,1,0,1,2,0,3,4,0,1,0,1.2,3,2,4,1,0,3,0,2,0,0
Student 0307,0,0,0,1,0,1,1,0,1,1,1,1,1,1,0,0,0,0,1,1,1,1,1,1,0,0,0,0,1,1,0,2,2,0,4,2,0,1,0.6,3,0,4,0,0,3,2,2,0,1
Student 0308,1,1,1,0,0,1,0,0,0,1,1,1,0,1,1,0,1,0,1,1,1,1,1,1,0,0,1,0,1,1,3,2,0,0,5,2,0,2,1,3,2,1,2,0,0,0,2,0,3
Student 0309,1,1,1,1,1,1,1,0,0,1,1,1,1,1,1,0,1,0,0,1,1,0,1,1,1,1,0,1,0,0,3,2,1,3,4,4,2,2,2,1,0,5,2,1,0,1,1,2,2
Student 0310,1,1,0,1,1,1,1,1,0,1,1,1,1,1,1,0,1,0,1,0,1,1,1,1,1,1,1,1,1,1,1,2,2,2,5,2,1,1,0,2,3,3,0,2,3,2,2,1,1
Student 0311,1,0,1,1,1,1,1,0,0,1,1,1,1,1,1,0,1,0,0,1,0,1,1,1,0,1,0,0,0,0,3,2,0,0,4,0,2,0,0,2,3,4,2,0,0,1,2,1,0
Student 0312,0,0,1,1,1,1,1,0,0,1,1,0,1,0,0,0,0,0,1,0,1,1,1,1,0,1,0,0,1,1,1,0,2,0,5,4,2,2,0,2,1,3,1,0,3,2,2,0,0
Student 0313,1,1,1,1,1,1,1,0,0,1,1,1,0,1,1,1,1,0,0,1,1,1,1,1,1,0,0,1,1,1,2,2,2,3,3,5,0,2,0,1,5,5,2,1,2,2,2,1,0
Student 0314,0,0,1,1,0,1,1,0,1,1,1,1,0,1,1,0,1,0,0,1,1,1,1,1,0,1,0,0,1,0,1,0,2,3,5,2,0,2,0,2,1,1,0,1,2,2,0,0,1
Student 0315,0,1,1,0,1,1,1,0,0,1,0,1,1,1,0,0,1,0,0,1,1,0,0,1,1,1,0,0,1,1,2,2,2,1,5,3,1,1,1,2,0,4,0,0,1,2,1,2,0
Student 0316,1,0,1,1,1,1,1,0,1,1,1,1,1,1,1,0,0,1,0,0,1,1,1,1,1,1,0,0,1,1,2,2,0,1,5,4,2,2,1,3,2,5,1,0,2,2,0,5,0
Student 0317,1,0,1,0,1,1,1,0,0,1,1,1,1,0,1,0,1,0,1,1,1,1,1,1,0,1,1,1,1,0,3,2,2,3,4,0,1,1,1,1,0,4,2,0,3,0,0,0,0
Student 0318,1,1,1,1,0,1,0,0,0,1,0,1,0,1,1,0,0,0,0,1,1,1,0,1,0,1,0,0,1,1,0,2,0,0,3,0,1,0,2,0,0,3,0,0,0,1,0,0,0
Student 0319,0,0,1,1,1,1,0,1,0,1,0,1,1,1,1,0,0,0,0,1,1,1,1,1,1,1,1,1,1,1,1,2,2,0,4,3,1,2,1.2,2,5,3,2,3,3,2,2,1,0
Student 0320,1,0,1,1,0,0,1,0,1,1,0,1,0,0,1,1,0,0,1,0,1,1,1,1,0,1,0,0,1,1,3,2,2,3,4,2,1,0,0,1,0,5,0,0,3,2,2,4,1
Student 0321,1,1,1,1,1,1,1,0,0,0,1,1,1,0,1,0,1,0,0,0,1,1,1,1,1,1,1,0,0,0,3,2,1,1,5,5,0,1,1.2,2,2,3,2,0,1,2,2,1,1
Student 0322,1,0,1,1,1,1,1,0,0,1,1,1,1,1,1,1,1,0,0,1,1,1,1,1,1,0,0,1,1,1,3,2,2,3,2,1,1,0,0,2,0,4,1,0,3,2,1,0,0
Student 0323,0,1,1,1,0,0,1,1,0,1,1,1,1,1,1,1,1,0,0,1,1,1,1,1,1,1,0,0,1,1,3,2,2,0,5,2,0,2,3,3,3,2,2,0,3,1,2,2,0
Student 0324,1,0,1,1,1,1,1,0,0,1,1,1,1,1,1,1,1,1,0,1,1,1,1,1,0,1,1,0,1,0,3,2,2,0,5,5,1,0,3,3,5,4,2,3,3,1,2,2,0
Student 0325,1,1,1,1,1,1,1,0,1,1,1,0,1,0,1,1,0,0,0,1,1,1,1,1,0,1,0,1,1,1,3,2,0,0,2,1,1,2,0,1,0,4,0,0,3,1,2,4,0
Student 0326,0,1,0,1,1,1,1,0,0,1,1,0,0,1,1,0,0,0,1,1,1,1,1,1,0,1,1,0,1,0,3,2,2,1,5,5,1,2,0,2,0,3,1,0,3,2,2,4,1
Student 0327,1,1,1,0,1,1,1,0,0,0,1,1,1,1,1,1,0,0,0,1,1,1,1,1,0,0,1,1,1,0,2,2,0,0,3,3,1,0,0.9,1,2,5,2,0,2,2,2,3,0
Student 0328,0,0,1,1,0,1,1,0,0,1,1,1,1,1,1,1,0,0,0,1,1,1,1,1,0,1,1,1,0,0,2,2,0,1,5,3,2,1,2,2,2,4,2,1,3,2,1,0,1
Student 0329,0,1,1,1,1,1,1,0,0,1,1,1,1,1,1,0,1,1,0,0,1,1,1,1,0,1,0,1,1,1,0,2,0,3,5,1,2,2,1,2,0,5,2,1,3,1,2,0,0
Student 0330,0,0,0,1,1,1,1,0,0,1,1,1,0,0,1,1,1,0,1,1,1,0,1,1,0,1,0,0,1,0,3,2,0,0,2,0,0,2,0,2,0,5,1,0,2,2,2,5,0
Student 0331,1,1,1,1,1,1,1,1,0,1,1,0,1,1,1,0,0,0,1,0,1,1,1,1,1,1,0,0,0,0,1,2,2,0,0,2,0,2,0,1,1,5,0,0,3,2,0,0,0
Student 0332,0,1,1,1,1,1,1,0,0,0,1,1,1,1,1,1,1,1,0,0,1,1,1,1,1,0,0,0,1,0,0,2,2,1,3,2,2,2,0,3,2,5,1,0,3,2,2,1,1
Student 0333,1,0,1,1,1,1,1,0,1,1,0,1,1,1,1,0,1,1,1,1,0,1,1,1,0,1,1,0,1,1,3,2,2,1,5,1,2,1,0,3,2,3,2,0,3,1,0,1,1
Student 0334,1,0,1,0,1,1,1,0,1,1,1,1,1,1,1,1,1,0,0,1,1,1,1,1,1,1,0,0,0,1,2,2,1,3,5,5,2,1,1.2,3,4,4,2,0,3,1,2,3,0
Student 0335,1,0,1,1,1,1,1,0,0,1,1,1,0,1,1,1,0,0,0,0,1,1,1,1,1,1,1,0,1,1,3,2,2,0,5,3,2,0,2,2,0,2,0,0,1,2,0,0,0
Student 0336,1,1,0,1,1,1,1,1,0,1,1,1,0,1,0,1,1,1,0,1,1,1,1,1,1,0,0,1,1,0,2,2,1,1,5,5,2,1,0,2,3,3,2,0,2,2,2,0,3
Student 0337,0,1,1,1,1,1,1,0,0,1,1,0,0,0,1,0,1,0,1,0,1,1,1,1,1,1,0,1,1,0,0,2,0,0,3,3,2,0,0,2,0,2,0,0,3,1,1,0,0
Student 0338,1,1,0,1,1,1,1,1,0,1,0,1,1,1,1,0,1,0,0,1,1,1,1,1,0,1,0,0,0,0,3,2,1,2,5,5,2,1,0,2,5,1,2,1,3,2,2,1,3
Student 0339,1,0,0,0,0,1,1,0,0,1,0,1,1,1,0,0,0,0,0,1,1,1,1,1,0,1,0,0,1,1,0,0,2,2,5,4,1,0,0.6,3,4,3,1,3,3,1,2,2,0
Student 0340,1,1,1,1,0,1,1,1,0,1,1,1,1,1,1,0,1,1,1,1,1,1,1,1,1,1,0,1,1,1,3,2,0,3,5,0,2,2,0,2,3,3,0,2,3,1,2,1,2
Student 0341,1,1,1,1,0,1,1,0,0,0,0,1,0,1,1,1,0,0,0,0,1,1,1,1,0,1,0,1,1,0,3,2,2,2,5,4,1,1,0,3,0,3,2,1,3,1,2,5,0
Student 0342,0,1,1,1,1,1,1,0,0,1,1,1,0,1,0,0,0,0,1,0,1,1,1,1,0,0,0,1,0,1,3,2,2,3,2,4,0,1,0,1,0,4,1,0,1,2,2,2,0
Student 0343,1,1,1,1,0,1,1,0,0,1,0,1,0,1,1,1,1,1,0,1,1,1,1,1,1,0,0,0,1,1,2,2,0,1,5,4,1,0,0,1,1,4,0,1,2,2,2,2,0
Student 0344,0,1,0,0,1,0,1,0,0,1,1,0,1,1,1,1,1,0,0,0,1,1,1,1,1,1,0,0,0,0,1,2,0,0,3,0,1,2,0,0,0,5,0,0,3,1,2,0,0
Student 0345,0,1,1,0,0,1,0,0,0,1,0,0,1,1,0,0,0,1,1,1,1,1,1,1,0,1,1,1,1,0,2,2,2,3,4,5,2,2,1,1,1,4,0,0,2,1,1,0,0
Student 0346,1,0,1,1,1,1,1,1,0,1,1,1,1,1,1,1,1,0,1,0,1,0,1,1,0,1,0,0,1,0,3,2,2,1,5,5,1,2,3,1,0,4,0,2,3,2,2,2,0
Student 0347,0,1,0,1,1,1,1,0,0,1,1,1,0,1,1,0,0,1,1,1,1,1,1,1,0,1,0,1,0,0,0,2,2,3,5,5,1,2,0,1,2,5,0,1,0,2,2,0,0
Student 0348,1,0,1,1,1,1,1,0,1,1,1,1,1,1,1,0,0,1,0,1,1,1,1,1,0,1,0,1,1,1,3,2,0,1,4,2,2,1,2,0,0,5,0,0,3,2,2,5,0
Student 0349,1,1,1,1,1,1,1,0,0,1,1,1,1,1,1,1,1,0,0,1,1,1,1,1,1,1,0,0,1,0,2,2,2,1,5,2,0,2,0,2,5,3,2,2,2,2,2,5,1
Student 0350,0,0,0,1,0,0,1,0,0,1,1,1,0,1,0,1,0,0,0,1,1,1,1,1,0,1,0,0,1,0,3,2,0,1,4,4,1,1,0,3,4,3,2,1,1,2,2,0,0
Student 0351,0,0,1,0,0,0,1,1,0,1,0,0,1,1,0,0,0,1,0,0,1,1,1,1,0,0,0,0,1,0,0,2,0,0,3,0,0,0,0,2,2,3,0,0,3,0,2,0,0
Student 0352,1,0,1,0,0,1,1,0,1,1,1,1,1,1,1,1,1,0,0,1,1,1,1,1,1,1,1,1,1,0,2,2,2,1,4,5,1,2,3,1,3,5,0,1,3,2,2,0,0
Student 0353,1,1,1,1,0,1,1,0,0,0,0,1,1,1,1,0,1,0,0,1,0,1,1,1,0,0,0,0,1,0,3,2,2,3,5,4,2,1,1,2,1,2,1,0,0,1,0,0,0
Student 0354,0,1,1,1,1,1,0,0,0,1,1,1,1,1,1,0,1,0,1,1,1,0,1,1,0,1,0,0,1,0,2,2,2,3,5,4,0,2,2,2,5,0,2,0,3,2,1,2,0
Student 0355,0,0,0,1,0,1,0,0,0,1,1,1,1,1,0,1,0,0,0,0,1,1,1,1,0,1,0,0,0,0,2,2,0,2,4,0,2,1,1,2,1,4,0,0,1,2,1,4,1
Student 0356,1,0,1,1,1,1,1,0,0,1,1,1,1,1,1,1,1,0,0,1,0,1,1,1,0,0,0,0,1,1,3,2,1,0,4,4,2,2,1,2,2,5,1,1,1,1,2,2,0
Student 0357,1,0,1,1,0,1,1,0,1,1,1,0,1,1,1,0,0,0,1,1,1,1,1,1,0,1,1,0,1,1,3,2,1,0,5,4,2,2,0,2,2,3,1,0,2,2,2,5,1
Student 0358,1,1,1,1,1,1,1,0,0,1,1,1,1,1,1,0,1,0,0,1,1,1,1,1,0,1,0,1,1,0,1,2,0,0,5,0,1,1,0,2,2,4,2,2,3,1,2,1,0
Student 0359,0,1,1,1,1,1,1,1,0,1,1,1,1,1,1,0,0,0,0,0,1,1,0,1,1,0,1,1,1,1,0,2,0,0,5,5,0,1,3,1,0,3,1,0,0,1,2,0,0
Student 0360,1,0,1,1,1,1,1,0,1,1,0,0,1,0,1,0,1,0,1,0,1,1,1,1,0,1,0,1,1,0,3,2,0,0,5,2,1,0,0,2,0,5,2,1,3,2,2,4,2
Student 0361,1,1,1,1,1,1,1,0,0,1,1,1,1,1,0,0,0,1,0,0,1,1,1,1,0,0,1,0,0,0,3,2,1,3,5,4,1,2,3,3,3,4,1,3,3,1,2,5,0
Student 0362,0,1,1,1,1,1,1,0,0,1,1,1,1,1,1,1,1,0,1,1,1,1,1,1,1,1,0,1,1,1,1,2,1,3,5,3,1,2,1,1,0,5,2,1,3,2,2,0,3
Student 0363,1,1,1,1,1,1,1,0,0,1,1,1,1,1,1,0,1,0,0,1,1,0,1,1,0,1,0,1,1,0,3,2,1,1,5,1,0,2,1.2,3,2,5,2,0,3,2,0,4,0
Student 0364,0,0,1,1,1,1,1,0,0,1,1,1,1,1,0,0,1,0,0,0,1,1,1,1,0,1,0,0,0,0,3,2,2,0,5,5,2,2,0,1,1,2,0,0,1,2,2,0,0
Student 0365,1,0,0,1,0,1,0,0,0,0,0,1,1,1,0,0,1,0,1,0,1,0,0,1,0,0,0,1,0,0,0,2,2,1,2,2,2,2,0,1,0,3,0,0,1,2,0,0,1
Student 0366,1,1,1,1,1,0,1,1,1,0,0,1,1,1,1,0,1,0,0,1,1,1,0,1,0,1,1,0,0,0,1,2,1,3,5,2,1,1,1.2,3,1,3,0,0,2,2,2,0,1
Student 0367,0,1,1,1,0,1,1,0,0,1,0,1,0,1,1,1,1,0,0,0,1,1,1,1,1,1,0,1,1,1,1,2,1,1,5,4,2,1,3,2,0,1,1,0,1,2,2,0,0
Student 0368,1,1,1,1,1,1,1,0,0,1,1,1,1,1,1,1,1,1,0,1,1,1,1,1,1,0,0,0,1,1,3,2,1,3,5,4,2,2,1.2,2,0,2,0,0,2,2,0,1,0
Student 0369,1,1,1,0,1,1,1,0,0,1,1,1,1,1,0,0,0,1,1,0,1,1,1,1,0,0,0,0,0,1,1,2,0,3,5,0,1,2,1,2,2,5,2,0,0,1,0,0,0
Student 0370,1,1,1,1,1,1,1,0,0,1,1,1,0,1,1,0,0,1,1,0,1,1,1,1,1,1,0,0,0,0,3,2,2,3,5,5,2,2,0,2,2,3,1,0,3,2,0,0,0
Student 0371,1,0,0,0,1,1,1,0,0,1,1,1,0,1,1,0,0,1,0,0,1,0,1,1,0,1,0,1,1,1,3,2,0,0,5,5,1,0,0,3,0,5,0,2,3,1,2,0,0
Student 0372,1,1,1,1,1,1,1,0,0,1,1,1,1,1,1,0,1,1,1,0,0,1,1,1,1,1,0,1,1,1,3,2,0,1,4,5,2,1,2,2,0,3,0,0,0,1,1,0,0
Student 0373,1,0,1,0,1,1,1,0,0,1,1,0,1,0,0,0,0,0,0,0,0,1,1,1,0,1,0,0,1,0,3,2,1,3,5,2,2,2,0,2,1,3,1,0,1,2,2,1,3
Student 0374,1,1,1,1,1,1,1,0,0,1,1,1,1,1,1,0,1,0,1,0,1,1,1,1,1,1,0,1,0,0,3,2,2,3,5,5,2,1,2.1,2,2,1,1,0,3,1,0,2,1
Student 0375,0,1,0,1,1,1,1,0,0,1,1,1,1,1,1,0,1,0,0,0,1,1,1,1,0,0,0,1,1,0,3,2,0,0,5,0,2,2,0,3,1,4,0,0,2,1,2,4,0
Student 0376,0,1,1,1,1,1,1,0,0,1,1,1,1,1,0,1,1,1,0,1,1,0,1,1,0,1,1,1,0,0,3,2,2,3,5,1,2,2,1,3,0,4,2,1,1,1,2,0,0
Student 0377,1,0,1,1,0,1,1,0,0,1,1,1,1,0,1,1,0,1,0,1,0,1,1,1,1,1,0,0,1,0,2,2,0,0,5,0,1,2,2,2,4,5,2,3,0,2,2,0,0
Student 0378,1,1,1,1,1,1,1,1,0,1,0,1,1,1,1,0,1,0,0,1,1,1,1,1,0,1,0,0,1,0,3,2,2,3,5,5,1,1,0,2,4,5,2,1,2,2,2,1,1
Student 0379,0,0,1,0,1,0,1,0,0,1,0,0,0,1,1,0,0,1,0,0,1,1,1,1,0,1,0,0,1,0,0,2,0,0,5,0,1,0,0,2,0,1,1,0,3,0,0,0,0
Student 0380,0,1,1,1,1,1,1,1,0,1,1,1,0,0,1,0,1,0,0,0,1,1,1,1,1,0,0,0,0,0,1,0,0,3,2,5,0,0,0,1,0,3,0,0,2,2,0,0,0
Student 0381,1,1,0,0,1,1,1,1,0,0,1,1,1,1,1,0,0,1,0,1,1,1,1,1,1,1,0,0,1,0,3,2,2,1,5,5,0,2,1,1,3,5,2,1,2,2,2,0,0
Student 0382,1,1,1,1,1,1,1,0,0,1,0,1,1,0,1,0,1,0,0,1,1,1,1,1,1,0,1,1,1,1,3,2,0,3,5,4,2,0,3,3,4,5,2,2,3,1,2,5,0
Student 0383,0,1,1,1,0,1,1,1,0,1,0,1,0,1,1,0,1,0,0,1,1,1,1,1,0,0,0,0,1,0,0,2,2,0,5,5,2,2,0,1,0,3,1,2,3,1,2,0,0
Student 0384,0,1,1,1,1,1,1,0,1,1,0,1,0,1,1,1,1,0,0,0,1,1,0,1,1,0,0,1,0,0,2,0,2,1,5,2,1,0,1,1,0,3,0,1,3,2,1,0,0
Student 0385,1,1,1,1,1,1,1,0,1,1,1,1,0,1,1,0,1,0,0,1,1,1,1,1,0,1,1,0,1,1,2,2,2,3,4,4,2,2,1,1,2,5,0,1,1,2,2,3,0
Student 0386,0,1,1,0,0,1,1,1,0,1,1,1,1,1,1,0,1,0,1,1,1,1,1,1,0,1,0,0,1,0,1,2,0,0,5,0,2,0,0,2,2,2,2,2,3,2,2,1,0
Student 0387,1,1,1,1,1,1,0,0,0,1,0,1,0,1,1,0,1,1,1,1,1,1,1,1,1,0,0,1,1,1,3,2,2,0,5,2,0,2,0,1,5,3,2,3,3,2,2,1,0
Student 0388,1,1,1,0,1,1,0,0,1,1,0,1,0,1,0,0,1,0,0,0,1,0,1,1,0,0,0,0,1,0,3,2,2,1,5,0,1,2,2,2,2,5,0,0,3,0,0,1,0
Student 0389,1,0,1,1,1,1,1,1,0,1,1,1,1,1,1,1,1,1,0,1,1,1,1,1,0,1,0,0,1,1,1,2,0,1,5,4,1,2,1,2,2,5,0,1,1,2,2,3,2
Student 0390,0,0,1,1,1,0,1,0,0,1,1,0,1,1,1,1,1,1,0,1,1,1,1,1,0,1,0,0,1,0,0,2,0,0,4,3,0,0,1,2,3,3,0,0,3,2,1,4,0
Student 0391,1,1,1,1,1,1,1,1,0,1,0,1,0,1,1,0,1,0,1,0,1,1,1,1,1,0,1,1,1,0,1,2,2,3,5,4,1,2,0,2,2,3,1,0,3,2,2,1,1
Student 0392,1,0,1,1,1,1,1,0,0,1,1,1,1,0,0,1,1,0,0,0,1,1,1,1,0,1,0,0,1,1,0,2,2,1,5,5,2,2,1,1,2,4,1,1,2,2,1,0,0
Student 0393,1,1,1,0,1,1,1,0,0,1,0,1,0,1,1,0,0,1,1,1,1,1,1,1,0,1,0,0,0,0,3,2,2,3,5,4,2,1,2,1,0,5,2,1,3,1,1,4,0
Student 0394,1,1,0,1,0,1,1,0,1,1,1,1,0,1,1,1,0,0,0,0,1,1,1,1,0,0,0,1,0,0,3,2,0,2,4,0,1,2,0,2,0,3,1,0,1,0,2,0,0
Student 0395,0,0,1,0,0,0,1,0,0,0,0,0,1,1,1,1,0,0,0,1,0,0,0,1,1,0,0,0,1,0,1,0,1,1,5,4,2,1,0,3,1,3,0,0,2,2,2,0,0
Student 0396,1,0,1,1,0,0,1,0,1,0,1,1,1,1,1,0,0,0,0,1,1,1,1,1,0,1,0,1,1,0,3,2,1,1,5,2,2,1,0,2,1,1,2,1,3,1,2,2,0
Student 0397,0,1,1,1,1,1,1,0,1,1,1,1,1,1,1,1,0,0,1,1,1,1,1,1,1,1,0,1,1,0,3,2,2,1,5,5,1,1,1.2,1,2,3,2,1,3,2,2,0,0
Student 0398,1,1,1,0,1,1,1,0,0,1,1,1,1,1,1,1,1,1,1,1,1,1,1,1,0,1,0,0,0,1,3,2,2,1,5,5,1,2,0,2,2,5,2,1,1,1,0,5,1
Student 0399,0,1,1,1,0,1,1,0,0,1,1,0,1,0,1,0,0,0,1,0,1,1,1,1,1,1,0,0,1,0,2,2,0,1,5,4,2,2,1,1,2,5,0,1,1,2,2,0,0
Student 0400,1,1,1,1,1,1,1,0,0,1,1,1,1,1,1,1,1,0,0,1,1,1,1,1,0,1,0,1,1,1,3,2,1,3,5,5,2,2,1.2,3,5,5,2,3,2,1,1,3,0
Student 0401,1,0,1,0,1,1,1,0,0,1,1,1,1,1,0,0,1,0,0,1,1,0,1,1,0,0,0,0,1,1,1,2,1,3,5,4,2,2,2.1,1,1,3,1,0,3,2,2,1,1
Student 0402,1,0,1,1,1,1,1,0,1,1,1,1,1,1,1,1,0,0,1,1,1,1,1,1,1,1,0,0,1,0,3,2,2,3,5,2,1,1,0,2,5,5,2,0,3,2,2,0,0
Student 0403,1,1,1,1,1,1,1,0,0,0,1,1,0,1,1,0,0,1,1,1,1,1,1,1,0,0,0,0,1,1,0,2,0,3,5,0,2,0,0,1,3,3,1,0,3,1,2,0,0
Student 0404,0,0,0,1,0,1,1,1,1,1,1,0,1,1,0,0,1,0,0,1,1,1,1,1,1,1,0,1,1,1,1,0,2,3,4,2,1,2,0,1,0,4,0,0,0,2,2,5,0
Student 0405,1,1,1,1,1,1,1,0,0,1,1,1,1,1,1,1,1,1,0,1,1,1,1,1,1,1,1,0,0,0,3,2,2,3,4,4,2,2,1,2,3,5,2,1,1,2,2,3,3
Student 0406,0,0,0,1,1,1,1,0,0,1,1,0,1,1,1,0,0,0,1,0,1,1,1,1,0,0,0,0,0,0,0,0,0,3,1,0,0,2,0,2,0,2,0,0,0,2,2,0,0
Student 0407,1,1,1,1,1,1,1,0,0,1,1,1,1,1,1,0,1,1,0,1,1,1,1,1,0,1,1,0,1,0,3,2,0,0,2,4,2,0,2,1,2,4,0,3,3,2,2,2,0
Student 0408,0,1,1,1,1,1,0,0,0,0,0,1,1,1,1,0,1,1,1,1,0,1,1,1,1,1,1,1,1,1,2,2,0,0,5,3,2,1,3,1,5,4,1,3,3,2,2,4,0
Student 0409,0,0,1,1,1,1,1,0,0,1,1,1,1,1,0,1,0,1,1,0,1,1,1,1,0,0,0,0,0,1,2,2,0,2,5,3,2,1,1,1,0,3,0,2,3,1,1,0,0
Student 0410,0,1,1,1,0,1,1,0,0,1,1,0,0,1,1,0,0,0,0,0,0,1,1,1,0,1,0,1,1,0,2,2,0,0,5,4,0,2,1,1,0,4,1,1,3,1,1,0,0
Student 0411,0,1,1,1,1,1,1,1,0,1,1,1,1,0,1,1,1,0,0,1,1,1,1,1,1,1,0,1,0,1,0,2,2,3,5,3,1,2,0,2,3,4,2,2,3,1,2,2,0
Student 0412,0,1,1,0,1,1,1,0,0,1,1,1,1,1,1,1,0,0,0,1,1,1,1,1,0,1,0,0,1,0,2,2,0,0,4,5,2,1,1,1,0,3,0,1,3,1,1,2,0
Student 0413,1,1,1,1,1,1,1,0,0,1,0,1,1,1,1,0,1,0,0,0,1,1,1,1,1,1,0,1,1,0,2,2,2,3,2,0,0,0,3,2,0,3,0,2,1,2,2,5,3
Student 0414,1,1,0,1,1,1,0,0,0,1,1,1,0,1,1,0,0,1,1,0,1,1,1,1,0,1,1,0,0,0,3,2,1,3,5,5,1,2,0.6,3,2,4,1,0,3,1,2,1,3
Student 0415,0,1,1,0,1,1,1,0,0,1,1,1,1,1,0,1,1,1,0,1,1,1,1,1,1,0,1,0,0,0,2,2,2,0,4,4,2,0,1,2,2,5,2,0,3,2,2,4,0
Student 0416,0,0,1,1,1,1,1,1,0,1,1,1,1,1,1,0,1,0,0,0,1,1,1,1,1,1,0,1,1,1,3,2,2,3,5,2,2,1,0,2,0,0,0,0,1,0,0,0,1
Student 0417,1,1,0,1,1,1,1,0,0,1,1,1,1,1,0,0,1,0,0,1,1,1,1,1,0,1,1,0,0,1,3,2,2,3,5,0,2,2,0,1,4,5,1,2,3,1,2,2,3
Student 0418,0,0,1,1,0,1,1,0,0,1,1,1,0,0,1,0,0,1,0,0,1,1,1,1,0,0,0,1,1,1,1,2,1,1,2,2,1,0,0,1,3,3,0,0,2,2,0,0,0
Student 0419,1,0,1,1,0,0,1,0,0,1,1,0,0,0,1,1,1,0,1,0,1,1,1,1,0,0,0,0,1,0,3,2,2,0,1,3,0,2,0,1,0,3,1,0,3,1,1,5,0
Student 0420,0,1,1,1,0,0,1,0,0,1,1,0,1,1,1,0,0,0,1,0,1,1,1,1,0,0,0,1,0,0,3,2,1,0,5,5,1,2,0,3,2,3,1,0,3,1,2,0,0
Student 0421,0,1,1,1,0,1,1,0,0,1,1,1,0,1,1,0,1,0,1,0,1,1,1,1,0,0,0,0,1,1,0,2,0,0,5,0,0,0,3,1,3,5,0,0,3,2,0,3,0
Student 0422,1,1,1,1,1,1,1,0,0,1,0,1,1,1,1,1,1,0,0,1,1,1,1,1,1,1,0,1,1,1,3,2,2,3,5,2,2,1,0,2,5,3,2,1,3,2,2,0,0
Student 0423,0,0,0,1,1,0,1,0,0,1,1,1,1,1,1,1,0,1,1,1,1,1,1,1,1,1,0,1,1,0,2,2,1,0,2,3,0,0,1,1,0,4,0,1,1,2,1,0,0
Student 0424,0,0,1,1,0,1,1,0,0,1,1,0,1,1,0,1,1,1,0,0,0,1,1,1,0,1,0,1,1,0,0,2,0,1,5,3,0,2,0,2,0,4,1,1,3,2,0,0,0
Student 0425,1,1,1,1,1,1,1,1,0,0,0,1,1,1,1,0,0,0,0,0,0,1,1,1,1,1,0,0,1,1,3,2,1,1,5,2,0,1,0.6,3,2,1,2,3,3,2,2,4,0
Student 0426,1,0,1,1,1,1,1,0,0,1,1,1,1,1,1,0,1,1,1,1,1,1,1,1,0,1,1,1,1,1,1,2,0,0,3,3,2,2,1,1,4,4,2,1,1,1,2,0,0
Student 0427,1,1,0,1,1,1,1,0,1,0,1,0,1,1,1,0,1,0,1,1,1,1,1,1,1,1,0,0,1,0,3,2,0,1,4,1,0,2,1,2,0,2,1,1,3,2,1,2,0
Student 0428,0,1,1,1,1,1,0,0,0,1,0,1,1,1,1,0,0,0,1,0,1,0,1,1,0,0,0,0,0,0,0,2,2,0,5,4,0,0,0,3,0,4,0,1,0,1,2,2,0
Student 0429,0,0,1,1,0,1,1,1,0,1,1,0,1,1,1,0,1,0,1,0,1,1,1,1,1,1,0,0,1,1,0,2,0,1,4,4,1,1,1,2,1,3,0,1,0,1,2,0,0
Student 0430,1,0,1,0,1,1,1,0,0,1,0,1,1,1,1,0,0,0,0,0,1,0,1,1,0,0,0,1,1,0,3,2,2,1,5,5,0,1,0,2,1,1,2,2,2,2,2,0,1
Student 0431,0,0,1,1,1,1,1,0,0,1,1,1,1,1,1,0,0,1,0,0,1,0,1,1,1,1,0,0,0,0,3,2,1,3,5,2,1,1,0,3,0,5,0,1,3,2,2,0,3
Student 0432,1,1,1,1,1,1,1,0,0,0,1,1,1,1,0,0,1,0,0,0,1,1,1,1,1,1,0,0,1,0,3,2,2,1,5,4,2,1,0,3,2,3,2,1,1,2,2,3,1
Student 0433,1,1,0,1,1,1,1,0,0,1,0,0,1,1,0,0,1,0,0,0,1,1,1,1,0,1,0,1,1,1,3,2,0,0,5,2,2,0,0.6,3,4,5,0,3,3,1,2,4,0
Student 0434,1,0,0,1,0,1,1,0,0,1,1,1,1,1,1,0,0,0,1,1,1,1,1,1,1,1,1,0,1,0,3,2,1,1,5,4,2,1,0,2,3,3,1,2,1,1,0,0,0
Student 0435,1,1,1,1,0,1,1,1,1,1,1,1,0,0,1,0,1,1,0,0,1,1,1,1,0,0,0,1,1,0,1,2,1,1,5,2,2,1,2.1,3,1,3,1,0,0,2,0,2,0
Student 0436,0,1,0,1,1,0,1,0,0,1,1,1,0,1,0,1,1,0,0,1,1,1,1,1,1,1,0,0,0,1,0,2,1,1,3,4,0,2,0,2,0,4,0,0,2,1,2,0,1
Student 0437,0,1,1,1,1,1,1,0,0,1,1,1,1,1,1,0,0,0,1,0,0,1,0,1,0,1,0,0,0,1,1,2,0,1,5,5,2,2,1.2,2,0,3,1,0,0,2,2,0,0
Student 0438,1,0,1,1,1,1,1,0,0,1,0,0,0,0,1,0,1,0,1,1,0,0,1,1,0,1,0,1,0,0,0,0,0,1,5,0,1,0,2,2,2,4,1,1,3,2,0,3,2
Student 0439,1,1,1,1,1,1,1,0,0,1,0,1,1,1,1,0,0,0,0,1,1,1,1,1,0,1,1,1,1,0,3,2,2,0,5,3,2,2,2,2,2,3,1,1,3,1,1,3,0
Student 0440,0,1,1,1,0,1,0,1,0,1,1,1,0,1,1,0,1,0,0,0,1,1,1,1,0,1,1,0,1,0,0,2,0,0,5,5,2,2,2.1,1,5,5,0,0,3,1,2,1,0
Student 0441,1,0,1,1,1,1,1,0,0,0,1,1,1,1,1,0,1,0,0,0,1,1,1,1,0,0,0,0,0,1,3,2,1,3,5,5,2,1,0,0,2,3,2,3,3,2,2,5,3
Student 0442,0,1,1,1,1,1,1,0,0,1,0,1,1,1,1,1,1,0,0,0,0,1,1,1,1,1,0,0,1,1,2,2,0,0,4,2,2,0,1.2,3,2,4,1,1,1,2,2,0,0
Student 0443,0,1,1,1,1,1,0,0,1,0,1,1,1,1,1,0,1,0,0,1,1,1,1,1,0,1,0,0,0,1,3,2,2,3,5,2,1,1,0,2,2,3,1,0,3,2,2,4,1
Student 0444,1,1,0,0,1,1,1,1,0,1,1,1,1,0,1,1,0,0,0,1,1,1,1,1,0,1,0,1,1,0,3,2,1,1,4,2,2,2,0,2,3,5,1,0,1,2,2,3,0
Student 0445,0,1,0,1,1,1,1,0,1,1,1,1,1,1,1,0,1,0,1,0,1,1,1,1,0,1,0,1,1,0,3,2,1,1,4,3,2,0,0,3,0,4,1,1,3,2,1,4,0
Student 0446,0,1,0,1,1,0,1,0,0,0,0,0,1,0,0,0,0,0,0,1,1,1,1,1,1,1,0,1,1,0,3,2,0,1,5,4,1,2,1,2,2,3,2,0,1,1,2,0,0
Student 0447,1,0,1,1,1,1,1,0,1,1,1,1,1,1,1,1,1,0,0,1,1,1,1,1,0,0,0,0,1,0,1,2,2,1,5,1,2,2,0,2,0,5,0,3,0,2,0,0,0
Student 0448,1,0,1,1,1,1,1,0,0,1,1,0,1,1,0,1,1,1,1,1,1,1,1,1,0,0,0,0,0,1,2,2,2,3,5,5,2,2,0,1,0,2,1,0,3,1,1,0,1
Student 0449,1,0,0,0,0,0,0,0,0,1,0,0,1,1,0,0,0,0,1,1,1,1,1,1,1,1,0,0,1,0,3,0,0,3,1,2,0,2,0,1,2,2,0,0,2,0,2,0,0
Student 0450,1,1,1,1,1,1,1,0,0,1,1,1,1,1,1,1,0,1,1,1,1,1,1,1,1,1,0,1,0,1,2,2,2,3,5,4,2,1,2,1,3,5,2,1,3,1,1,2,0
Student 0451,1,1,1,0,1,1,1,0,0,1,1,1,1,1,1,1,0,1,0,1,1,0,1,1,1,1,0,1,1,1,3,2,0,0,5,3,1,0,1,2,1,3,2,1,2,1,2,2,3
Student 0452,1,1,1,1,1,1,1,0,0,1,0,1,1,1,1,0,1,1,1,1,1,1,1,1,1,0,1,0,1,1,3,2,1,3,5,4,1,1,1,3,4,5,2,2,3,2,2,1,0
